அங்கீகாரம்  ,recognition,அங்கீ3கார்,अङ्गीकार्,ꢂꢖ꣄ꢔꢷꢒꢵꢬ꣄
அச்சு  ,axis,அச்சு/டங்கு,"अच्चु, टङ्कु","ꢂꢗ꣄ꢗꢸ, ꢜꢖ꣄ꢒꢸ"
அஞ்சல்  ,post,பத்ரவாஹினி,पत्रवाहिनि,ꢦꢡ꣄ꢬꢮꢵꢲꢶꢥꢶ
அஞ்சல்காரர்  ,postman,பத்ரவாஹகொ/பத்ரவாஹொ/ லேகு2வான்,"पत्रवाहका॑, पत्रवाहा॑, लेखुवान","ꢦꢡ꣄ꢬꢮꢵꢲꢒꣁ, ꢦꢡ꣄ꢬꢮꢵꢲꣁ, ꢭꢿꢓꢸꢮꢵꢥ꣄"
அஞ்சலகம்  ,post office,பத்ரவாஹ கார்யாலயொ,पत्रवाह कार्यालया॑,ꢦꢡ꣄ꢬꢮꢵꢲ ꢒꢵꢬ꣄ꢫꢵꢭꢫꣁ
அட்டவணை  ,"table, schedule",கோஷ்டு,कोष्टु,ꢒꣂꢰ꣄ꢜꢸ
அடக்குமுறை  ,oppression,உட்3க3ட்3ணி/ த3மனொ,"उड्गड्णि, दमना॑","ꢆꢞ꣄ꢔꢞ꣄ꢠꢶ, ꢣꢪꢥꣁ"
அடகு  ,pawn,குதொ3,कुदा॑,ꢒꢸꢣꣁ
அடமானம்  ,mortgage,குதொ3,कुदा॑,ꢒꢸꢣꣁ
அடித்தளம்,basement,"கா2ல்த3ள், கா2ல்தொ3ளம்","खाल्दळ,  खाद॑ळम्",ꢓꢵꢭ꣄ꢣꢳ꣄ ꢓꢵꢭ꣄ꢣꢾꢳꢪ꣄
அடிப்படையுரிமை   ,fundamental right,ஆதா4ரு பா3த்யதொ,आधारु बाद्यता॑,ꢃꢤꢵꢬꢸ ꢨꢵꢡ꣄ꢫꢡꣁ
அணிவகுப்பு  ,parade,ஸ்ரேணிசால்,स्रेणिचाल,ꢱ꣄ꢬꢿꢠꢶꢗꢵꢭ꣄
அதிகாரம்  ,"power, authority",அத்க்யார்,अत्क्यार्,ꢂꢡ꣄ꢒꢫꢵꢬ꣄
அதிகாரி  ,officer,அத்க்யாரி,अत्क्यारि,ꢂꢡ꣄ꢒ꣄ꢫꢵꢬꢶ
அமைச்சகம்  ,ministry,மந்த்ரிகார்யாலயொ,मन्त्रि कार्यालया॑,ꢪꢥ꣄ꢡ꣄ꢬꢶ ꢒꢵꢬ꣄ꢫꢵꢭꢫꣁ
அமைச்சர்  ,minister,மந்த்ரி/அமாத்யொ,"मन्त्रि, अमात्या॑","ꢪꢥ꣄ꢡ꣄ꢬꢶ, ꢂꢪꢵꢡ꣄ꢫꣁ"
அமைச்சரவை  ,cabinet,மந்த்ரிஸபொ3,मन्त्रिसबा॑,ꢪꢥ꣄ꢡ꣄ꢬꢶꢱꢨꣁ
அமைதி  ,peace,ஶாந்தி,शान्ति,ꢯꢵꢥ꣄ꢡꢶ
அமைப்பாளர்  ,organizer,ஸங்க4டிகொ/ ஸஞ்சலனகாரொ,"सङ्घटिका॑, सञ्चलनकारा॑","ꢱꢖ꣄ꢕꢜꢶꢒꣁ, ꢱꢛ꣄ꢗꢭꢥꢒꢵꢬꣁ"
அயல்நாடு  ,foreign country,விதே3ஸ்/ ப4ரளதே3ஸ்,"विदेस्,   भरळदेस्","ꢮꢶꢣꢿꢱ꣄, ꢩꢬꢳꢡꢿꢱ꣄"
அரசன்  ,king,ரஜொ/ராட்/பூ4பொ/பூ4பதி,"रजा॑, राट, भूपा॑, भूपति","ꢬꢙꣁ, ꢬꢵꢜ꣄, ꢩꢹꢦꣁ, ꢩꢹꢦꢡꢶ"
அரசி  ,queen,ரணி/ராடளி,"रणि, राटाळि","ꢬꢠꢶ, ꢬꢵꢜꢳꢶ"
அரசியல்  ,politics,ராஜநீதி,राजनीति,ꢬꢵꢙꢥꢷꢡꢶ
அரசியல் சட்டம்   ,constitution,ஸம்ஸ்தா2பனொ/ ஸம்விதா4,"सम्स्थापना॑, सम्विधा","ꢱꢪ꣄ꢱ꣄ꢢꢵꢦꢥꣁ, ꢱꢪ꣄ꢮꢶꢤꢵ"
அரசியல்வாதி  ,politician,ராஜநீதிவான்,राजनीतिवान,ꢬꢵꢙꢥꢷꢡꢶꢮꢵꢥ꣄
அரசு  ,government,ஸர்கார்/ராஜாங்கு3,"सर्कार, राजाङ्गु","ꢱꢬ꣄ꢒꢵꢬ꣄, ꢬꢵꢙꢵꢖ꣄ꢔꢸ"
அரசமாளிகை  ,government house,ராஜ்ப4வன்,राज्भवन,ꢬꢵꢙ꣄ꢩꢮꢥ꣄
அரண்மனை  ,palace,ரவுள் / ப்ராஸாதொ3,"रवुळ्, प्रासादा॑","ꢬꢮꢸꢳ꣄, ꢦ꣄ꢬꢵꢱꢵꢣꣁ"
அலகு  ,unit,ஏகக்/இகாய்,"एकक्, इकाय","ꢍꢒꢒ꣄, ꢄꢒꢵꢫ꣄"
அலை,wave,லாட்,लाट्,ꢭꢵꢜ꣄
அலுவலகம்  ,office,கார்யாலயொ,कार्यालया॑,ꢒꢵꢬ꣄ꢫꢵꢭꢫꣁ
அலுவலகமொழி  ,official language,கார்யாலய பா4ஷொ,कार्यालय भाषा॑,ꢒꢵꢬ꣄ꢫꢵꢭꢫ ꢩꢰꣁ
அதிகாரி,officer,அத்காரி,अत्कारि,ꢂꢡ꣄ꢒꢵꢬꢶ
அவசரச்சட்டம்  ,emergency rule,அவ்ஸரு ஸாஸனொ/ ஆபத்காலு ஸாஸனொ,"अव्सरु सासना॑, आपत्कालु सासना॑","ꢂꢮ꣄ꢱꢬꢸ ꢱꢵꢱꢥꣁ, ꢃꢦꢡ꣄ꢒꢵꢭꢸ ꢱꢵꢱꢥꣁ"
அவசரநிலை  ,emergency,அவ்ஸர் ஸ்தி2தி,अव्सर्स्थिति,ꢂꢮ꣄ꢱꢬ꣄ꢱ꣄ꢢꢶꢡꢶ
அழைப்புமணி  ,calling bell,பொ3வ்நி கா4ட்,बा॑व्निघाट्,ꢨꣁꢮ꣄ꢥꢶꢕꢵꢜ꣄
பரிமாணம்,size,பரிமாண்,परिमाण,ꢦꢬꢶꢪꢵꢠ꣄
அறிக்கை  ,report,ப்ரகடனொ/ ஆவேத3னொ/ விஷயகளட்3ணி,"प्रकटना॑, आवेदना॑, विषयकळट्णि","ꢦ꣄ꢬꢒꢜꢥꣁ, ꢃꢮꢿꢣꢥꣁ, ꢮꢶꢰꢫꢒꢳꢞ꣄ꢠꢶ"
அறிவிப்பாளர்  ,announcer,ப்ரகட்3ணார்/ ப்ரகட3ணொ கெர்னார்/        விஷயு களட்3னார்,"प्रकड्णार, प्रकडणा॑ क॑र्नार, विषयु कळड्नार","ꢦ꣄ꢬꢒꢞ꣄ꢠꢵꢬ꣄, ꢦ꣄ꢬꢒꢞꢠꣁꢒꢾꢬ꣄ꢥꢵꢬ꣄, ꢮꢶꢰꢫꢸ ꢒꢳꢞ꣄ꢥꢵꢬ꣄"
அறிவிப்பு  ,"notice, announcement",ஸூசனொ,सूचना॑,ꢱꢹꢗꢥꣁ
அறிவிப்புப் பலகை   ,notice board,ஸூசனாபொல்கொ,सूचना पा॑ल्का॑,ꢱꢹꢗꢥꢵ ꢦꣁꢭ꣄ꢒꣁ
அனுமதி  ,permission,அனுமத்,अनुमत्,ꢂꢥꢸꢪꢡ꣄
அனுமதிச் சீட்டு   ,permit,அனுமத்ஸூசி,अनुमत्सूचि,ꢂꢥꢸꢪꢡ꣄ ꢱꢹꢗꢶ
அனுபவம்  ,experi ence,அனுப4வ்,अनुभव,ꢂꢥꢸꢩꢮ꣄
ஆக்கிரமிப்பு  ,encroachment,கப்3ஜொ/ஆக்ரமணொ,"कब्जा॑, आक्रमणा॑","ꢒꢨ꣄ꢙꣁ, ꢃꢒ꣄ꢬꢪꢠꣁ"
ஆட்சி  ,rule,ஸாஸனொ/ ஸௌஸஸ்தே/ ஸௌஸினி,"सासना॑, सौसस्ते, सौसिनि","ꢱꢵꢱꢥꣁ, ꢱꣃꢱꢱ꣄ꢡꢾ, ꢱꣃꢱꢶꢥꢶ"
ஆட்சிமொழி  ,administrative language,ராஜ்யபா4ஷொ,राज्य भाषा॑,ꢬꢵꢙ꣄ꢫ ꢩꢰꣁ
ஆணை  ,order,ஆஜ்ஞொ,आजञो,ꢃꢙ꣄ꢛꢾ
ஆணையம்  ,commission,நியோகொ3/ ஆயோக்3,"नियोगा॑, आयोग","ꢥꢶꢫꣂꢔꣁ, ꢃꢫꣂꢔ꣄"
ஆணையர்  ,commissioner,நியோகி3 / ஆயோகி3,"नियोगि, आयोगि","ꢥꢶꢫꣂꢔꢶ, ꢃꢫꣂꢒꢶ"
ஆதரவு  ,support,அத்3லன்/அத்3னி,"अद्लन, अद्नि","ꢂꢣ꣄ꢭꢥ꣄, ꢂꢣ꣄ꢥꢶ"
ஆதாயம்  ,profit,லாப்3/அதா3வ்,"लाब्, अदाव","ꢭꢵꢨ꣄, ꢂꢣꢵꢮ꣄"
ஆதிக்கம்  ,domination,ப்ரபு4த்வொ/அர்க்யார்/ஆதி4பத்யொ,"प्रभुत्वा॑, अर्क्यार, आधिपत्या॑","ꢦ꣄ꢬꢩꢸꢡ꣄ꢮꣁ, ꢂꢬ꣄ꢒ꣄ꢫꢵꢬ꣄, ꢃꢤꢶꢦꢡ꣄ꢫꣁ"
ஆயத்தீர்வை  ,excise duty,உத்பாத3னஸுல்கொ,उत्पादनसुल्को,ꢆꢡ꣄ꢦꢵꢣꢥꢱꢸꢭ꣄ꢒꣁ
ஆயம்  ,tax,ஸுல்கொ/கரொ,"सुल्का॑, करा॑","ꢱꢸꢭ꣄ꢒꣁ, ꢒꢬꣁ"
ஆயுள் தண்டனை    ,life imprisonment,ஆயுஸ்த3ண்ட3னொ,आयुस्दण्डना॑,ꢃꢫꢸꢱ꣄ꢣꢠ꣄ꢞꢥꣁ
ஆர்வம்  ,zeal,உத்ஸாஹ்/கவ்துகொ,"उत्साह, कव्तुका॑","ꢆꢡ꣄ꢱꢵꢲ꣄, ꢒꢮ꣄ꢡꢸꢒꣁ"
ஆலோசனை  ,suggestion,ஆலோஸனொ/ அபி4ப்ராயு,"आलोसना॑, अभिप्रायु","ꢃꢭꣂꢱꢥꣁ, ꢂꢩꢶꢦ꣄ꢬꢵꢫꢸ"
ஆவணம்  ,record/document,லிகெ2பத்தர்/      லேக2 ப்ரமாணொ,"लिख॑पत्तर, लेख प्रमाणा॑","ꢭꢶꢓꢾꢦꢡ꣄ꢡꢬ꣄, ꢭꢿꢓ ꢦ꣄ꢬꢪꢵꢠꣁ"
ஆளுங்கட்சி  ,ruling party,ஸாஸனபக்ஷொ,सासन पक्षो,ꢱꢵꢱꢥꢦꢒ꣄ꢰꣁ
ஆளுநர்  ,governor,ராஜ்பால்,राज्पाल्,ꢬꢵꢙ꣄ꢦꢵꢭ꣄
ஆளுமை  ,governance,ராஜபாலனொ,राज्पालना॑,ꢬꢵꢙ꣄ꢦꢵꢭꢥꣁ
இசைவு  ,"consent, accord",ஒப்பிலினி / ஸம்மத்,"आ॑प्पिलिनि, सम्मत","ꢏꢦ꣄ꢦꢶꢭꢶꢥꢶ, ꢱꢪ꣄ꢪꢡ꣄"
இடைக்கால அரசு   ,interim government,கப3ந்து3ஸர்கார்,कबन्दु सर्कार्,ꢒꢨꢥ꣄ꢣꢸꢱꢬ꣄ꢒꢵꢬ꣄
இடைக்காலத் தடை   ,interim stay,அந்தர்நிஷேத்4/ம:த்3தி3மு ஹிப்3ப3ட்3ணி,"अन्तर्निषेध, म्हद् मद्दिमु हिब्बड्णि","ꢂꢥ꣄ꢡꢬ꣄ꢥꢶꢰꢾꢤ꣄, ꢪꢴꢣ꣄ꢣꢶꢪꢸ ꢲꢶꢨ꣄ꢨꢞ꣄ꢠꢶ"
இடைத்தரகர்  ,"middle man,  broker",தெர்களி/ம:த்3யவர்தி,"तेर्कलि, म्हद्यवर्ति","ꢣꢾꢬ꣄ꢒꢭꢶ, ꢪꢴꢣ꣄ꢫꢮꢬ꣄ꢡꢶ"
இடைத்தேர்தல்  ,mid-term pole,அவ்ட3காலுசுனாவ்,अव्डकालु चुनाव,ꢂꢮ꣄ꢞꢒꢵꢭꢸ ꢗꢸꢥꢵꢮ꣄
இடைநிறுத்தம்  ,suspension/interruption,ம:த்3தி3ம்  ஹிப்3ப3ட்3ணி / அவலம்ப3னொ/ தத்காலு ஹிப்3ப3ட்3ணி,"म्हद्दिमहिब्बड्णि अवलम्बना॑, तत्कालु हिब्बड्णि","ꢪꢴꢣ꣄ꢣꢶꢪ꣄   ꢲꢶꢨ꣄ꢨꢞ꣄ꢠꢶ, ꢂꢮꢭꢪ꣄ꢨ꣄ꢥꣁ, ꢡꢡ꣄ꢒꢵꢭꢸ ꢲꢶꢨ꣄ꢨꢞ꣄ꢠꢶ"
இணக்கம்  ,accordance,எண்கி3னி/அனுரூபதொ,"ए॑ण्गिनि, अनुरूपता॑","ꢌꢠ꣄ꢔꢶꢥꢶ, ꢂꢥꢸꢬꢹꢦꢡꣁ"
இணையமைச்சர்  ,minister for state,ஸஹ மந்திரி,सह मन्तिरि,ꢱꢲ ꢪꢥ꣄ꢡꢶꢬꢶ
இணைப்புமொழி  ,link language,செர்சன்பா4ஷொ/ ஸந்தி3 பா4ஷொ,"च॑र्चन्भाषा॑, सन्दि भाषा॑","ꢱꢾꢬ꣄ꢗꢥ꣄ꢩꢵꢰꣁ, ꢱꢥ꣄ꢣꢶ ꢩꢵꢰꣁ"
இணையம்  ,federation,ஸம்யுக்த ஸங்கொ4,सम्युक्त सङ्घा॑,ꢱꢪ꣄ꢫꢸꢒ꣄ꢡ ꢱꢖ꣄ꢕꣁ
இதழ்  ,issue (magazine),ஸஞ்ஜிகொ,सञ्जिका॑,ꢱꢛ꣄ꢙꢶꢒꢾ
இந்திய ஆட்சிப்பணி   ,Indian Admini strative Service,பா4ரதநிர்வாஹுஸேவொ,भारत निर्वाहु सेवा॑,ꢩꢵꢬꢡꢥꢶꢬ꣄ꢮꢵꢲꢸꢱꢿꢮꣁ
இந்தியக் குற்றவியல் சட்டம்    ,Indian Penal Code-IPC,பா4ரதஅபராது4 ஸாஸனொ,भारत अपराधु सासना॑,ꢩꢵꢬꢡ ꢂꢦꢬꢵꢤꢸ ꢱꢵꢱꢥꣁ
இயக்கம்  ,movement,ஆந்தோ3ல்,आन्दोल,ꢃꢥ꣄ꢣꣂꢭ꣄
இயக்ககம்,directorate,கார்யாலய ஸங்க3மொ,कार्यालय सङ्गमा॑,ꢒꢵꢬ꣄ꢫꢵꢭꢫ ꢱꢖ꣄ꢔꢪꣁ
இயக்குநர்  ,director,நிர்வாஹி / நிர்தே3ஸக்/ அத்4யக்ஷொ,"निर्वाहि, निर्देसक,  अध्यक्षो","ꢥꢶꢬ꣄ꢮꢵꢲꢶ, ꢥꢶꢬ꣄ꢣꢿꢱꢒ꣄, ꢂꢤ꣄ꢫꢒ꣄ꢰꣁ"
இயல்  ,chapter,அத்3யாய்,अद्याय,ꢂꢣ꣄ꢫꢵꢫ꣄
இராட்டை  ,charkha,சர்கா,चर्का,ꢗꢬ꣄ꢒꢵ
இருப்பு  ,"stock, balance",உராவ்ஸொராவ்,उराव्सा॑राव,ꢆꢬꢵꢮ꣄ꢱꣁꢬꢵꢮ꣄
இலக்கு  ,target,லக்ஷ்யொ,लक्ष्या॑,ꢭꢒ꣄ꢰꢫꣁ
இலச்சினை  ,"stamp, seal",முத்3ரொ,मुद्रा॑,ꢪꢸꢣ꣄ꢬꣁ
இலாகா  ,department,விபா4க்3,विभाक,ꢮꢶꢩꢵꢒ
இளவரசன்  ,prince,யுவராட்,युवराट्,ꢫꢸꢮꢬꢵꢜ꣄
இளவரசி  ,princess,யுவராணி/யுவராஜ்ஞி,"युवराणि, युवराजञि","ꢫꢸꢮꢬꢵꢠꢶ, ꢫꢸꢮꢬꢵꢙ꣄ꢛꢶ"
இறக்குமதி  ,import,ஹுத்துராவ்/ ஹுத்துராட்,"हुत्तुराव, हुत्तुराट","ꢲꢸꢡ꣄ꢡꢸꢬꢵꢮ꣄, ꢲꢸꢡ꣄ꢡꢸꢬꢵꢜ꣄"
ஈடு  ,compensation,ப்ரதிபோ2ள்,प्रतिफोळ,ꢦ꣄ꢬꢡꢶ ꢧꣁꢳ꣄꣄
உச்சவரம்பு  ,ceiling,உஞ்சமிதி,उञचमिति,ꢆꢖ꣄ꢙꢪꢶꢡꢶ
உடந்தை  ,abetment,உள்ளு,उळ्ळु,ꢆꢳ꣄ꢳꢸ
உடன்படிக்கை  ,"agreement, treaty, pact",ஸஹசார்/ஸந்தி4,"सहचार्, सन्धि","ꢱꢲꢗꢵꢬ꣄, ꢱꢥ꣄ꢤꢶ"
உடனுறவு  ,co - relation,பரஸ்பர ஸம்மந்தொ3/ பரஸ்பர ஒஸ்தபன்,"परस्पर सम्मन्दा॑, परस्पर आ॑स्तपन","ꢦꢬꢱ꣄ꢦꢬ ꢱꢪ꣄ꢪꢥ꣄ꢣꣁ, ꢦꢬꢱ꣄ꢦꢬ ꢏꢱ꣄ꢡꢦꢥ꣄"
உணவுத்துறை  ,food department,ஆஹாரு விபா4க்3 / க2னி விபா4க்3,"आहारु विभाग, खनिविभाग","ꢃꢲꢵꢬꢸ ꢮꢶꢩꢵꢔ꣄, ꢓꢥꢶ ꢮꢶꢩꢵꢔ꣄"
உத்தரவாதம்  ,guarantee,உத்தரவாத்3,उत्तरवाद,ꢆꢡ꣄ꢡꢬꢮꢵꢣ꣄
உத்தரவு,order,ஆக்குதொ,आक्कुtaaq,ꢃꢒ꣄ꢒꢸꢣꣁ
உதவி  ,aid,ஸஹகார் / ஸஹாவ்,"सहकार, सहाव","ꢱꢲꢒꢵꢬ꣄, ꢱꢲꢵꢮ꣄"
உதவி அமைச்சர்   ,assistant minister,உப மந்திரி,उप मन्तिरि,ꢆꢦ ꢪꢥ꣄ꢡꢶꢬꢶ
உதவித்தூதரகம்   ,consulate,உப தூ4தநிவாஸ்,उप दूत निवास्,ꢆꢦ ꢣꢹꢡ ꢥꢶꢮꢵꢱ꣄
உதவிப்பணம்  ,stipend,வேதனொ,वेतना॑,ꢮꢿꢡꢥꣁ
உபரி  ,surplus,உபிர்/வேன்/அத்3தி3/ அதிரிக்த,"उपिर, वेन, अद्दि, अतिरिक्त","ꢆꢦꢶꢬ꣄, ꢮꢿꢥ꣄, ꢂꢣ꣄ꢣꢶ, ꢂꢡꢶꢬꢶꢒ꣄ꢡ"
உயில்  ,will,இச்சா பத்தர்,इच्चा पत्तर,ꢄꢗ꣄ꢗꢵ ꢦꢡ꣄ꢡꢬ꣄
உரிமம்  ,licence,அனுக்ஞாபத்ரொ,अनुकञा पत्रा॑,ꢂꢥꢸꢒ꣄ꢛꢵ ꢦꢸꢡ꣄ꢬꣁ
உரிமை  ,right,பா3த்3யொ,बाद्या॑,ꢨꢵꢣ꣄ꢫꣁ
உரிமையாளர்  ,"owner, proprietor",பா3த்3யவான்,बाद्यवान्,ꢨꢞ꣄ꢫꢮꢵꢥ꣄
உழவர்  ,farmer,ஜுனத்வான்/கே2தி,"जुनत्वान, खेति","ꢙꢸꢥꢡ꣄ꢮꢵꢥ꣄, ꢓꢿꢡꢶ"
உள்துறை  ,home department,க்3ரஹ விபா4க்3,ग्रह विभाग,ꢔ꣄ꢬꢲ ꢮꢶꢩꢵꢔ꣄
உள்ளடக்கம்  ,content,விஷய ஸூசிகொ,विषयसूचिका॑,ꢮꢶꢰꢫ ꢱꢸꢗꢶꢒꣁ
உள்ளாட்சி  ,local ad ministration,அந்தர்ராஜ்ஜி,अन्तर्राज्जि,ꢂꢥ꣄ꢡꢬ꣄ ꢬꢵꢙ꣄ꢙꢶ
உள்ளீடு  ,input,நிவேஷ்யொ,निवेष्या॑,ꢥꢶꢮꢿꢰ꣄ꢫꣁ
உற்பத்தி  ,production,உத்பத்3/ உத்பாத3னொ,"उत्पद, उत्पादना॑","ꢆꢡ꣄ꢦꢣ꣄, ꢆꢡ꣄ꢦꢵꢣꢥꣁ"
உறுதிமொழி  ,oath,தி4ட3வாக்,धिडवाक,ꢤꢶꢞꢮꢵꢒ꣄
உறுப்பினர்  ,member,அங்க3ஸ்து2,अङ्गस्थु,ꢂꢖ꣄ꢔꢱ꣄ꢢꢸ
ஊதியம்  ,"salary, emo luments",ஸொம்பு3ளொ/ வேதனொ,"सोम्बुळा॑,   वेतना॑","ꢱꣁꢪ꣄ꢨꢸꢳꣁ, ꢮꢾꢡꢥꣁ"
ஊர்தி  ,vehicle,வாஹனொ,वाहना॑,ꢮꢵꢲꢥꣁ
ஊர்வலம்  ,procession,ஜான்வாஸ்/ ஸோபா4 யாத்ரொ/ ஒராத் / சுட்டு,"जान्वास, सोभा यात्रा॑, ओरात, चुट्टु","ꢙꢵꢥ꣄ꢮꢵꢱ꣄, ꢱꣂꢩꢵꢫꢵꢡ꣄ꢬꣁ,ꢏꢬꢵꢡ꣄, ꢗꢸꢜ꣄ꢜꢸ"
ஊரகம்  ,rural,க்3ராம்யொ,गिराम्या॑,ꢔꢶꢬꢵꢪ꣄ꢫꣁ
ஊரடங்கு  ,curfew,கா3மண்சன்/ஸஞ்சாரு நிஷேத4னொ,"गामण्चन्, सञचारु निषेधना॑","ꢔꢵꢪꢠ꣄ꢗꢥ꣄, ꢱꢛ꣄ꢗꢵꢬꢸ ꢥꢰꢿꢤꢥꣁ"
ஊராட்சி  ,panchayat,பஞ்சாயத் ராஜ்ஜி,पञ्चायत्राज्जि,ꢦꢠꢖ꣄ꢗꢵꢫꢡ꣄ ꢬꢵꢙ꣄ꢙꢶ
ஊராட்சி ஒன்றியம்   ,panchayat union,பஞ்சாயதுகே4ர்,पञ्चायघेर्,ꢦꢖ꣄ꢗꢵꢫꢡꢕꢿꢬ꣄
ஊழல்  ,corruption,ப்3ரஷ்டாசார்/ மலினாசார்,"ब्रष्टाचार, मलिनाचार","ꢨ꣄ꢬꢰ꣄ꢜꢵꢗꢵꢬ꣄, ꢪꢭꢶꢥꢵꢗꢵꢬ꣄"
ஊழியம்  ,service,ஸேவொ,सेवा॑,ꢱꢿꢮꣁ
ஊழியர்  ,servant,ஸேவகொ/ ஸேவொ கெர்னார்,"सेवका॑, सेवा॑ केर्नार","ꢱꢿꢮꢒꣁ, ꢱꢿꢮꣁ ꢒꢾꢬ꣄ꢥꢵꢬ꣄"
எண்பலகை  ,number plate,ஸங்க்2யா பொல்கொ,सङ्खयापा॑ल्का॑,ꢱꢖ꣄ꢓ꣄ꢫꢵꢦꣁꢭ꣄ꢒꣁ
எதிர்க்கட்சி  ,opposition party,விப4க்ஷு,विभक्षउ,ꢮꢶꢩꢒ꣄ꢰꢸ
எதிர்பார்ப்பு  ,expectation,தோக்ஸனி/ப்ரதீக்ஷொ,"दोक्सनि, प्रतीक्षो","ꢡꣂꢒ꣄ꢱꢥꢶ, ꢦ꣄ꢬꢡꢷꢒ꣄ꢰꣁ"
எதிரொலி  ,echo,ப்ரதி த்4வனி,प्रति ध्वनि,ꢦ꣄ꢬꢡꢶꢤ꣄ꢮꢥꢶ
எதிரொளி  ,reflection,ப்ரதிஸாயா/         ப்ரதி பி3ம்பு3,"प्रतिचाया,    प्रति बिम्बु","ꢦ꣄ꢬꢡꢶꢗꢵꢫꢵ, ꢦ꣄ꢬꢡꢶ ꢨꢶꢪ꣄ꢨꢸ"
எதேச்சாதிகாரி  ,autocrat,ஏகாதி4பதி/ ஸ்வேச்சாசாரி,"एकाधिपति, स्वेच्चाचारि","ꢍꢒꢵꢤꢶꢦꢡꢶ, ꢱ꣄ꢮꢿꢗ꣄ꢗꢵꢗꢵꢬꢶ"
எல்லை  ,border,எல்கெ3/அத்3து3/ ஸீமொ,"एल्ग॑, अद्दु, सीमा॑","ꢌꢭ꣄ꢔꢾ, ꢂꢣ꣄ꢣꢸ, ꢱꢷꢪꣁ"
எல்லைத்தகராறு  ,border dispute,ஸீமா தெகு3ரால்/ அத்3து3 தெகு3ரால்,"सीमा त॑गुराल, अद्दु त॑गउराल","ꢱꢷꢪꢵ ꢡꢾꢔꢸꢬꢵꢭ꣄, ꢂꢣ꣄ꢣꢸ ꢡꢾꢔꢸꢬꢵꢭ꣄"
எழுத்தர்  ,clerk,லிபிகொ/கு3மஸ்தொ,"लिपिका॑, गुमस्ता॑","ꢭꢶꢦꢶꢒꣁ, ꢔꢸꢪꢱ꣄ꢡꣁ"
எழுத்தறிவு  ,literacy,செது3வு ஞான்,च॑दुवु ञान,ꢗꢾꢣꢸꢮꢸ ꢛꢵꢥ꣄
எழுதுபொருள்  ,stationary,லேக2ன ஸாமக்3ரி / லேக2வஸ்து,"लेखन सामग्रि, लेखवस्तु","ꢭꢿꢓꢥꢱꢵꢪꢔ꣄ꢬꢶ, ꢭꢿꢓꢮꢱ꣄ꢡꢸ"
எஜமான்  ,master,எஜமான்/மொத்3ரளி,"एजमान, मा॑द्रळि","ꢌꢙꢪꢵꢥ꣄, ꢪꣁꢣ꣄ꢬꢳꢶ"
ஏகாதிபத்தியம்  ,autocracy,ஸ்வேச்சாசார்,स्वेच्चाचार,ꢱ꣄ꢮꢿꢗ꣄ꢗꢵꢗꢵꢬ꣄
ஏகாதிபதி / சர்வாதிகாரி,autocrat/ dictator,ஏகாதி4பதி/ஸர்வாதிகாரி,"एकाधिपति, सर्वातिकारि","ꢍꢒꢵꢤꢶꢦꢡꢶ, ꢱꢬ꣄ꢮꢵꢡꢶꢒꢵꢬꢶ"
ஏற்பாடு  ,arrangement,அனுக்ரமொ,अनुक्रमा॑,ꢂꢥꢸꢒ꣄ꢬꢪꣁ
ஏற்பு/ஒப்புதல்,acceptance,ஸ்வீகார்/அங்கீ3கார்/ஒப்பில்னி,"स्वीकार, अङ्गीकार, आ॑प्पिल्नि","ꢱ꣄ꢮꢷꢒꢵꢬ꣄, ꢂꢖ꣄ꢔꢷꢒꢵꢬ꣄, ꢏꢦ꣄ꢦꢶꢭ꣄ꢥꢶ"
ஏற்ற இறக்கம்   ,fluctuation,உஞ்ச கா2ல்,उञ्च खाल्,ꢆꢖ꣄ꢗ ꢓꢵꢭ꣄
ஏற்றுமதி  ,export,ஹிங்கா3வ்/ நிர்யாத்/ஹிங்கா3ட்,"हिङ्गाव्, निर्यात, हिङ्गाट","ꢲꢶꢖ꣄ꢔꢵꢮ꣄, ꢥꢶꢬ꣄ꢫꢵꢡ꣄, ꢲꢶꢖ꣄ꢔꢵꢜ꣄"
ஐக்கிய நாடுகள் சபை    ,United Nations Organisation,ஐக்ய ராஷ்ட்ர ஸம்ஸ்தான்,ऐक्य राष्ट्र सम्स्तान,ꢎꢒ꣄ꢫ ꢬꢵꢰ꣄ꢜ꣄ꢬ ꢱꢪ꣄ꢱ꣄ꢡꢵꢥ꣄ 
ஐக்கிய முன்னணி   ,United Front,ஐக்ய அக்3ரணி,ईक्य अग्रणि,ꢎꢒ꣄ꢫ ꢂꢔ꣄ꢬꢠꢶ
ஒத்திவைப்பு  ,adjournment,தொ3ப்3பி3 தொ2வ்னி,"दा॑ब्बि थोव्नि, ",ꢣꣁꢦ꣄ꢦꢵ ꢢꣁꢮ꣄ꢥꢶ
ஒத்துழைப்பு  ,co-operation,ஸஹகார்/ ஸஹயோக்3,"सहकार्, सहयोग","ꢱꢲꢒꢵꢬ꣄, ꢱꢲꢫꣂꢔ꣄"
ஒதுக்கீடு  ,allotment,விபா4ஜனொ,विभाजना॑,ꢮꢶꢩꢵꢙꢥꣁ
ஒப்படைப்பு  ,handover,பரவஸொ கெர்னி,परवसा॑ क॑र्नि,ꢦꢬꢮꢱꣁ ꢒꢾꢬ꣄ꢥꢶ
ஒப்பந்தப்புள்ளி  ,tender,ஒப்பந்த3ஸூசனொ,आ॑प्पन्द सूचना॑,ꢏꢦ꣄ꢦꢥ꣄ꢣ ꢱꢹꢗꢥꣁ
ஒப்பந்தம்  ,contract,ஒப்பந்த3ம்  ,आ॑प्पन्दम,ꢏꢦ꣄ꢦꢥ꣄ꢣꢪ꣄
ஒப்பு  ,signature,ஹாது அக்ஷர்,हातु अक्षर,ꢲꢵꢡꢸ ꢂꢒ꣄ꢰꢬ꣄
ஒப்புகை  ,acknowledge ment,ஸ்வீகர்னி/ப்ராப்தி ஸங்கி3னி,"स्वीकर्नि, प्राप्ति सङ्गिनि","ꢱ꣄ꢮꢷꢒꢬ꣄ꢥꢶ, ꢦ꣄ꢬꢵꢦ꣄ꢡꢶ ꢱꢖ꣄ꢔꢶꢥꢶ"
ஒப்புதல்,acceptance,ஒப்பில்னி,आ॑प्पिल्नि,ꢏꢦ꣄ꢦꢶꢭ꣄ꢥꢶ
ஒப்புவிப்பு,surrender,லோதனி,लेतनि,ꢭꢿꢡꢥꢶ
ஒருமைப்பாடு  ,integration,ஐக்ய பா4வனொ,ऐक्यभावना॑,ꢎꢒ꣄ꢫ ꢩꢵꢮꢥꣁ
ஒழுங்குமுறை  ,regulation,நியமொ,नियमा॑,ꢥꢶꢫꢪꣁ
ஒலிபரப்பு  ,broad casting,தொ4னிநெர்பினி/ தொ4னி ப்ரஸார்,"धा॑नि न॑र्पिनि, धा॑नि प्रसार","ꢤꣁꢥꢶꢥꢾꢬ꣄ꢦꢶꢥꢶ, ꢤꣁꢥꢶ ꢦ꣄ꢬꢱꢵꢬ꣄"
ஒளிபரப்பு  ,telecasting,ரூபுநெர்பினி / ரூபு ப்ரஸார்,"रूपु न॑र्पिनि,    रूपु प्रसार","ꢬꢹꢦꢸ ꢥꢾꢬ꣄ꢦꢶꢥꢶ, ꢬꢹꢦꢸ ꢦ꣄ꢬꢱꢵꢬ꣄"
ஒற்றன்  ,spy,லுக்ஜானி/கு3ப்தசாரி/கு3ப்தொ/கு3டா3சாரி,"लुगञानि, गुप्तचारि, गुप्ता॑, गुडाचारि","ꢭꢸꢔ꣄ꢙꢵꢥꢶ, ꢔꢸꢦ꣄ꢡꢗꢵꢬꢶ, ꢔꢸꢦ꣄ꢡꣁ, ꢔꢸꢞꢵꢗꢵꢬꢶ"
ஒற்றி,mortgage,குட்ரொ,कुट्रा॑,ꢒꢸꢣ꣄ꢮꣁ
ஒன்றியம்  ,union,ஸங்க3ம்,चङ्गम्,ꢗꢖ꣄ꢔꢪ꣄
ஓட்டு  ,vote,வோட் / மததா3ன் / வாக்3தா3ன்,"वाक्, मतदान, वाग्दान","ꢮꢵꢒ꣄, ꢪꢡꢣꢵꢥ꣄, ꢮꢵꢔ꣄ꢣꢵꢥ꣄"
ஓட்டுரிமை  ,franchise,வாக்பா3த்யொ,वाक्बात्या॑,ꢮꢵꢒ꣄ ꢨꢵꢡ꣄ꢫꣁ
ஓய்வூ பெறுதல்  ,retiring,விஸ்ராந்தி/விரதி,"विस्रान्ति, विरति","ꢮꢶꢱ꣄ꢬꢵꢥ꣄ꢡꢶ, ꢮꢶꢬꢡꢶ"
கட்சி  ,party,கக்ஷி,कक्षि,ꢒꢒ꣄ꢰꢶ
கட்டணம் ,fare,ஸுல்கம் / த3ரொ / மோல்,"सूल्कम्, दरा॑, मोल्","ꢱꢸꢭ꣄ꢒꢪ꣄, ꢣꢬꣁ, ꢪꣂꢭ꣄"
கட்டு  ,bundle,கெட்டொ,केट्टा॑,ꢒꢾꢜ꣄ꢜꣁ
கட்டுப்பாடு  ,con trol,நியமொ,नियमा॑,ꢥꢶꢫꢪꣁ
கடற்படை  ,naval force,ஜல ஸேனொ,जल सेना॑,ꢙꢭ ꢱꢿꢥꣁ
கடன்  ,debt,ரீண்,रीण,ꢬꢷꢠ꣄
கடன் பொறுப்பு,liabilities,ரீணுபா4ர்,रीणुभार,ꢬꢷꢠꢸꢩꢵꢬ꣄
கடைநிலை ஊழியர்   ,peon,ஸெவ்கன்,स॑व्कन्,ꢱꢾꢮ꣄ꢒꢥ꣄
கண்காணிப்பு  ,supervision,க3வுஞ்ஜி/க3வுஞ்ஜுனார்/ நிரீக்ஷணொ,"गवुञ्जि, गवुन्जुनार्, निरीकक्षणा॑","ꢔꢮꢸꢛ꣄ꢙꢶ ꢔꢮꢸꢛ꣄ꢙꢸꢥꢵꢬ꣄, ꢥꢶꢬꢷꢰꢠꣁ"
கணக்கர்  ,accountant,லெ:க்கைத்,ल्हेककैत,ꢭꢴꢾꢒꢒꣀꢡ꣄
கணக்கெடுப்பு  ,enumeration,லெ:க்கொ ஹெட்3ணி/ க3ணனொ,"ल्ह॑क्का॑ हेड्णि, गणना॑","ꢭꢴꢾꢒ꣄ꢒꣁ ꢲꢾꢞ꣄ꢠꢶ, ꢔꢠꢥꣁ"
கணினி  ,computer,க3ணிணி/ ஹீஸுநேல்/ லெ:க்கனி,"गणिणि, हीसुनेल, ल्ह॑क्कनि","ꢔꢠꢶꢠꢶ, ꢲꢷꢱꢸꢥꢿꢭ꣄, ꢭꢴꢾꢒ꣄ꢒꢥꢶ"
கதவடைப்பு  ,"bandh, lock-out",ப3ந்து4,बन्धु,ꢨꢥ꣄ꢤꢸ
கருத்து  ,"opinion, idea",அபி4ப்ராயு,अभिप्राय,ꢂꢩꢶꢦ꣄ꢬꢵꢫ
கருதுகோள்  ,assumption,ஊஹொ/ஊஹனொ,"ऊहा॑, ऊहना॑","ꢇꢲꣁ, ꢇꢲꢥꣁ"
கணிப்பான்,calculator,லெ:க்காவ்,ल्ह॑क्काव,ꢭꢴꢾꢒ꣄ꢒꢵꢮ꣄
கருவூலம்  ,treasury,பொக்கிஷம்/ வித்தகோஷ்,"पा॑क्किषम्, वित्तकोष","ꢦꣁꢒ꣄ꢒꢶꢰꢪ꣄, ꢮꢶꢡ꣄ꢡꢒꣂꢰ꣄"
கல்வி அமைச்சர்   ,education minister,வித்3யா மந்த்ரி,विद्या मन्त्रि,ꢮꢶꢣ꣄ꢫꢵ ꢪꢥ꣄ꢡ꣄ꢬꢶ
கல்வித்துறை  ,education department,வித்3யாவிபா4க்3,विद्याविभाग्,ꢮꢶꢣ꣄ꢫꢵ ꢮꢶꢩꢵꢔ꣄
கலப்படம்  ,adulteration,மிஸ்ரணொ,मिस्रणा॑,ꢪꢶꢱ꣄ꢬꢠꣁ
கலப்பினம்  ,"cross-breed, hybrid",மிஸ்ரஜாத்,मिस्तजात्,ꢪꢶꢱ꣄ꢡ ꢙꢵꢡ꣄
கவனக் குறைவு   ,negligence,உதா3ஸீன்/உபேக்ஷொ,"उदासीन, उपेक्षो","ꢆꢣꢵꢱꢷꢥ꣄, ꢆꢦꢾꢒ꣄ꢰꣁ"
கழகம்  , association,ஸபொ4/ஸம்ஸ்தா2ன்,"सभा॑, सम्स्थान","ꢱꢩꣁ, ꢱꢪ꣄ꢱ꣄ꢢꢵꢥ꣄"
கழிவு  ,discount,பி4ட்3ணி,भिड्णि,ꢩꢶꢞ꣄ꢠꢶ
கனிமம்  ,ore,தா4து,धातु,ꢤꢵꢡꢸ
கஜானா  ,treasury,க2ஜானொ,खजाना॑,ꢓꢙꢵꢥꣁ
காசோலை  ,cheque,ஹன்னவு பத்தர்,हन्नवुपत्रर,ꢲꢥ꣄ꢥꢮꢸ ꢦꢡꢡ꣄ꢬ꣄
காப்பிடுதல்  ,insulation,ரக்ஷணகர்னி,रक्षणकर्नि,ꢬꢰꢠꢒꢬ꣄ꢥꢶ
காப்பீடு  ,insurance,ரக்ஷணப4ர்தி,रक्षणभर्ति,ꢬꢰꢠ ꢩꢬ꣄ꢡꢶ
காலாவதி  ,termina tion,முஸினி,मुसिनि,ꢪꢸꢱꢶꢥꢶ
காவல் ஆய்வாளர்   ,police inspector,பொலிஸ்நிரீக்ஷகொ/தா2ணா நிரிக்ஷகொ,"पोलिस्निरीक्षका॑, थाणा निरिक्षका॑","ꢦꣁꢭꢶꢱ꣄ꢥꢶꢬꢷꢒ꣄ꢱꢒꣁ, ꢢꢵꢠꢵ ꢥꢶꢬꢶꢒ꣄ꢰꢒꣁ"
காவல்காரன்  ,watchman,ர:க்கைத்/ ர:க்குவான்,"र्हक्कैत, र्हक्कुवान","ꢬꢴꢒ꣄ꢒꣀꢡ꣄, ꢬꢴꢒ꣄ꢒꢸꢮꢵꢥ꣄"
காவல் துறை  ,police department,தா2ணாவிபா4க்,थाणाविभाक,ꢢꢵꢠꢵꢮꢶꢩꢵꢒ꣄
காவலர்  ,policeman,த2ணய்து,थाणय्तु,ꢢꢠꢫ꣄ꢡꢸ
கிடங்கு  ,godown,கி3ட்3ட3ங்கி3,किड्डङ्कि,ꢒꢶꢞ꣄ꢞꢖ꣄ꢒꢶ
குக்கிராமம்  ,hamlet,ந:ன்பொர்ஸெ/ந:ன் கா3ம்/ ந:ன் பொட்க்யாட்,"न्हन्पा॑र्स॑, न्हन्गाम,     न्हन पा॑ट्क्याट","ꢥꢴꢥꢦꣁꢬ꣄ꢱꢾ, ꢥꢴꢥ꣄ꢔꢵꢪ꣄,  ꢥꢴꢥ꣄ ꢦꣁꢜ꣄ꢒ꣄ꢫꢵꢜ꣄"
குடியரசு  ,"republic, democracy",க3ண தந்த்ரு/ க3ண ராஜ்யு/ ப்ரஜா ப்ரபு4த்வொ,"गण तन्त्रु, गण राज्यु, प्रजा प्रभुत्वा॑","ꢔꢠ ꢡꢥ꣄ꢡ꣄ꢬꢸ, ꢔꢠ ꢬꢵꢙ꣄ꢫꢸ, ꢦ꣄ꢬꢙꢵ ꢦ꣄ꢬꢩꢸꢡ꣄ꢮꣁ"
குடியரசுத் தலைவர்   ,president of the country,ஜனாதிபதி,जनातिपति,ꢙꢥꢵꢡꢶꢦꢡꢶ
குடியுரிமை  ,citizenship,ப்ரஜாபா3த்யு/ நாக3ரிகதொ,"प्रजाबात्यु, नागरिकता॑","ꢦ꣄ꢬꢙꢵ ꢨꢵꢡ꣄ꢫꢸ, ꢥꢵꢔꢬꢶꢒꢡꣁ"
குடும்பக் கட்டுப்பாடு   ,family planning,குடும்ப3நிரோத்4,कुटुम्बनिरोत्,ꢒꢸꢜꢸꢪ꣄ꢨ ꢥꢶꢬꣂꢡ꣄
குடும்ப நலத்துறை   ,family welfare department,குடும்ப க்ஷேம விபா4க்3,कुटुम्प क्षेम विभाग,ꢒꢸꢜꢸꢪ꣄ꢨ ꢒ꣄ꢰꢿꢪ ꢮꢶꢩꢵꢔ꣄
குத்தகை  ,lease,ஒத்தி,आ॑त्ति,ꢏꢡ꣄ꢡꢶ
குமாஸ்தா  ,clerk,கு3மஸ்தொ,गुमस्ता॑,ꢔꢸꢪ꣄ꢱ꣄ꢡꣁ
குழு  ,group,கு3ம்பு,गुम्पु,ꢔꢸꢪ꣄ꢦꢸ
குற்றச்சாட்டு  ,accusation,அபராத்4/சூக் க4ல்னி,"अपराध, चूक्घल्नि","ꢂꢦꢬꢵꢤ꣄, ꢘꢸꢒ꣄ꢕꢭ꣄ꢥꢶ"
குற்றம்  ,"default, fault",அபராத்4,अपराध,ꢂꢦꢬꢵꢤ꣄
குறிகள்  ,signs,சின்ஹுன்/கு3ர்துன்,"चिनहुन, गुर्तुन","ꢗꢶꢥ꣄ꢲꢸꢥ꣄, ꢔꢸꢬ꣄ꢡꢸꢥ꣄ "
குறியீட்டெண்  ,index number,கு3ர்து ஸங்க்2யொ,सिन्तु सङ्ख्या॑,ꢱꢶꢥ꣄ꢡꢸꢱꢖ꣄ꢓ꣄ꢫꣁ
குறியீடு  ,"index, code",சின்ஹு/ கு3ர்து,"सिन्हु, गुर्तु","ꢱꢶꢥ꣄ꢲꢸ, ꢔꢸꢬ꣄ꢡꢸ"
குறைந்தபட்சம்,minimum,உன்ன பொடெ3யொ/ உன்ன பக்ஷு,"उन्न पा॑ड॑या॑,   उन्न पक्षु","ꢆꢥ꣄ꢥ ꢦꣁꢞꢾꢫꣁ, ꢆꢥ꣄ꢥ ꢦꢒ꣄ꢯꢸ"
கூட்டணி  ,front (political),பக்ஷ ஐக்யதொ,पक्ष ऐक्यता॑,ꢦꢒ꣄ꢯ ꢎꢒ꣄ꢫꢡꣁ
கூட்டம்  ,crowd,மூகொ3/கு3ம்பு/மிள்னி/மிள்ணி,"मूगा॑, गुम्पु, मिळ्नि, मिळ्णि","ꢪꢹꢔꣁ,ꢔꢸꢪ꣄ꢦꢸꢪꢶꢳ꣄ꢥꢶ, ꢪꢶꢳ꣄꣄ꢠꢶ"
கேட்பு  ,demand,மகி3னி,मगिनि,ꢪꢔꢶꢥꢶ
கேளிக்கை  ,entertainment,கே2ளு க்ரியொ/ மனோரஞ்ஜன்,"खेलु क्रिया॑, मनोरञ꣄जन","ꢓꢿꢭꢸ ꢒ꣄ꢬꢶꢫꣁ, ꢪꢥꣂꢬꢛ꣄ꢙꢥ꣄"
கைத்தறி  ,handloom,ஹாதுமகொ3,हातु मगा॑,ꢲꢵꢡꢸ ꣄ꢪꢔꣁ
கைதி  ,prisoner,ப3ந்தி3,भन्दि,ꢩꢥ꣄ꢣꢶ
கையாடல்  ,misappropriation,து3ஷ்ப்ரயோக்3,तुष्प्रयोग,ꢡꢸꢰ꣄ ꢦ꣄ꢬꢫꣂꢔ꣄
,,"லெஞ்சம், பி3வ்ஜட்","ल॑ञ्जम्, बिव्जड्",ꢭꢾꢛ꣄ꢙꢪ꣄ ꢨꢶꢮ꣄ꢙꢞ꣄
கையேடு  ,handbook,ஹாதுபொதி,हातुपा॑ति,ꢲꢵꢡꢸꢦꣁꢡꢶ
கொத்தடிமை  ,bonded labour,ரீணுப3ந்தி3,रीणुबन्दि,ꢬꢷꢠꢸꢨꢥ꣄ꢣꢶ
கொடி  ,flag,தொ4ஜ்,धा॑ज,ꢤꣁꢙ꣄
கொடிமரம்  ,flag post,தொ4ஜ ஸ்த2ம்பு3,धा॑ज स्थम्बु,ꢤꣁꢙ ꢱ꣄ꢢꢪ꣄ꢨꢸ
கொள்கை  ,policy,லக்ஷ்யு/த்4யேயு,"लक्ष्यु, ध्येयु","ꢭꢒ꣄ꢰ꣄ꢫꢸ, ꢤ꣄ꢫꢿꢫꢸ"
கோட்டம்  ,division (land),விபா4க்3,विभाग,ꢮꢶꢩꢵꢔ꣄
கோட்டை  ,fort,து3ருக்3,दुरुग्,ꢣꢸꢬꢸꢔ꣄
கோட்பாடு  ,policy,நியமொ/ஸித்3தா3ந்து,"नियमा॑, सिद्दान्तु","ꢥꢶꢫꢪꣁ, ꢱꢶꢣ꣄ꢣꢵꢥ꣄ꢡꢸ"
கோணம்  ,angle,கோண்/கொனொ/ த்3ருஷ்டிகோண்,"कोण, का॑ना॑, द्रुष्टिकोण","ꢒꣂꢠ꣄, ꢒꣁꢥꣁ, ꢣ꣄ꢬꢸꢰ꣄ꢜꢶꢒꣂꢠ꣄"
கோப்பு  ,file,பொமட்,पा॑मट,ꢦꣁꢪꢜ꣄
கோரிக்கை  ,"demand, requisition",மகி3னி/கொரி,"मगिनि, का॑रि","ꢪꢒꢶꢥꢶ, ꢒꣁꢬꢶ"
கோஷ்டி  ,group,வர்கு3/கோ3ஷ்டி,"वर्गु, गोष्टि","ꢮꢬ꣄ꢔꢸ, ꢔꣂꢰ꣄ꢜꢶ"
சக்கரவர்த்தி  ,emperor,சக்ரவர்த்தி,चक्रवर्त्ति,ꢗꢒ꣄ꢬꢮꢬ꣄ꢡ꣄ꢡꢶ
சகோதரத்துவம்  ,brotherhood,பை4-பெ4ய்னனுபன்,भै-भेय्ननुपन,ꢩꣀ-ꢩꢾꢫ꣄ꢥꢥꢸꢦꢥ꣄
சங்கம்  ,association,ஸங்க3ம்/ ஸங்கொ4/ஸபொ4,"सङ्गम्, सङ्घा॑, सभा॑","ꢱꢖ꣄ꢔꢪ꣄, ꢱꢖ꣄ꢕꣁ, ꢱꢩꣁ"
சட்டசபை  ,legisla tive assembly,ஸட்டஸபொ4/விதா4ன் ஸௌதொ4/ விதா4னு ஸௌதொ4/விதா4ன் ஸபொ4,"सट्टसभा॑,     विधान सैधा॑, विधानु सौधा॑, विधान सभा॑","ꢱꢜ꣄ꢜꢱꢩꣁ, ꢮꢶꢤꢵꢥ꣄ ꢱꣃꢤꣁ, ꢮꢶꢤꢵꢥꢸ ꢱꣃꢤꣁ, ꢮꢶꢤꢵꢥ꣄ ꢱꢩꣁ"
சட்டத்திருத்தம்  ,amendment,ஸாஸனமர்சினி/ ஸாஸன தித்3துவளி/ ஸாஸன ஸுதா4ர்,"सासनमर्चिनि, सासन तिद्तुवळि, सासन सुधार","ꢱꢵꢱꢥꢪꢬ꣄ꢗꢶꢥꢶ, ꢱꢵꢱꢥ ꢡꢶꢣ꣄ꢡꢸꢮꢳꢶꢶ, ꢱꢵꢱꢥ ꢱꢹꢤꢵꢬ꣄"
சட்டம்  ,"act, law",ஸாஸனொ/விதா4ன்,"सासना॑, विधान","ꢱꢵꢱꢥꣁ, ꢮꢶꢤꢵꢥ꣄"
சட்டமன்றம்  ,le gislative assembly,ஸட்டஸபொ4,सट्टसभा॑,ꢱꢜ꣄ꢜꢱ꣄ꢩꣁ
சத்தியாக்கிரகம்  ,"satyagraha, protest",ஸத்யாக்3ரஹொ,सत्याग्रहा॑,ꢱꢡ꣄ꢫꢵꢔ꣄ꢬꢲꣁ
சத்திரம்  ,choultry,ஸெத்தர்/,स॑त्तर्,ꢱꢾꢡ꣄ꢡꢬ꣄
சதி  ,conspiracy,ஸதி,सति,ꢱꢡꢶ
சபாநாயகர்  ,assembly speaker,ஸபா4நாயகொ,सभानायका॑,ꢱꢩꢵꢥꢵꢫꢒꣁ
சம்பள உயர்வு   ,pay raise,ஸொம்பு3ளாசெட்னி,सा॑म्पुळाच॑ट्नि,ꢱꣁꢪ꣄ꢦꢸꢳꢵ ꢗꢾꢜ꣄ꢥꢶ
சம்பளம்  ,salary,ஸொம்பு3ளொ/பகா3ர்,"सा॑म्बुळा॑, पगार","ꢱꣁꢪ꣄ꢨꢸꢳꣁ, ꢦꢔꢵꢬ꣄"
சமத்துவம்  ,equality,ஸமானுபன்,समानुपन,ꢱꢪꢵꢥꢸꢦꢥ꣄
சமாதானம்  ,peace,ஸமாதா4ன்,समादान्,ꢱꢵꢪꢵꢣꢵꢥ꣄
சமுதாயம் / சமூகம்  ,society,ஸமுதா3ய்/ஸமூஹு,"समुदाय, समूहु","ꢱꢪꢸꢣꢵꢫ꣄, ꢱꢪꢹꢲꢸ"
சர்வாதிகாரம்,dictatorship,ஸர்வாதி4கார்,सर्वाधिकार्,ꢱꢬ꣄ꢮꢵꢤꢶꢒꢵꢬ꣄
சர்வாதிகாரி,dictator,ஸர்வாதி4காரி,सर्वाधिकारि,ꢱꢬ꣄ꢮꢵꢤꢶꢒꢵꢬꢶ
சராசரி  ,average,ரமாரமி,रमारमि,ꢬꢪꢵꢬꢪꢶ
சலுகை  ,concession,ஸெல்கெ/ஸஹாவு,"स॑ल्क॑, सहावु","ꢱꢾꢭ꣄ꢒꢾ, ꢱꢲꢵꢮꢸ"
சாதனை  ,achievement,ஸாத4னொ/ உபலப்3தி4/லபி3ஞ்சினி,"साधना॑, उपलब्धि, लबिञ्चिनि","ꢱꢵꢤꢥꣁ, ꢆꢦꢭꢨ꣄ꢤꢶ, ꢭꢨꢶꢛ꣄ꢗꢶꢥꢶ"
சிக்கல்  ,problem,ஸமஸ்யொ/ப்ரஸ்னொ/,"समस्या॑, प्रस्ना॑","ꢱꢪ꣄ꢱ꣄ꢫꣁ, ꢦ꣄ꢬꢱ꣄ꢥꣁ"
சிக்கனம்  ,"economy, thrift",உன்னவேஸ்/ ஸொட்டு,"उन्नवेस्, सा॑ट्टु","ꢆꢥ꣄ꢥꢮꢿꢱ꣄, ꢱꣁꢜ꣄ꢜꢸ"
சிதைவு  ,decay,விகார்/நஸினம்/ஸிதில்,"विकार, नसिनम, सितिल","ꢮꢶꢒꢵꢬ꣄, ꢥꢱꢶꢥꢪ꣄, ꢱꢶꢡꢶꢭ꣄"
சிபாரிசு  ,recommendation,ஸுப3ர்சி,सुबर्चि,ꢱꢸꢨꢬ꣄ꢗꢶ
சிம்மாசனம்  ,throne,ஸிம்ஹாஸனொ/ஸிம்ஹு ஆஸனொ,"सिम्हासना॑, सिम्हु आसना॑","ꢱꢶꢪ꣄ꢲꢵꢱꢥꣁ, ꢱꢶꢪ꣄ꢲꢹ ꢃꢱꢥꣁ"
சிறுபான்மை  ,minority,அல்ப ஸங்க2யொ,अल्प सङ्खया॑,ꢂꢭ꣄ꢦ ꢱꢖ꣄ꢓꢫꣁ
சிறுவழக்கு,petty case,ந:ன்தா3வொ,न्हन्न दावा॑,ꢥꢴꢥ꣄ꢥ ꢣꢵꢮꣁ
சிறை  ,"jail, prison",காராக்3ரஹு/ஜெயில்,"काराग्रहु, ज॑यिल","ꢒꢵꢬꢵꢔ꣄ꢬꢆ, ꢙꢾꢫꢶꢭ꣄"
சின்னம்  ,symbol,முத்3ரொ/சின்ஹு,"मुद्रा॑, चिन्हु","ꢪꢸꢣ꣄ꢬꣁ, ꢗꢶꢥ꣄ꢲꢸ"
வாக்குசீட்டு  ,ballot,வாக்கு சீட்,वाक्कुचीट,ꢮꢵꢒ꣄ꢒꢸꢗꢷꢜ꣄
சீர்திருத்தம்  ,reformation,ஸுகர்ணி/ஸுதா4ர்,"सूकर्णि, सुधार","ꢱꢸꢒꢬ꣄ꢠꢶ, ꢱꢸꢤꢵꢬ꣄"
சீருடை  ,uniform,ஸமரூப வஸ்தர்,समरूप वस्तर,ꢱꢪꢬꢹꢦ ꢮꢱ꣄ꢡꢬ꣄
சுங்கவரி  ,excise duty,ஸுல்கம்/ஸுல்கொ,"सुल्कम्, सुल्का॑","ꢱꢸꢭ꣄ꢒꢪ꣄, ꢱꢸꢭ꣄ꢒꣁ"
சுதந்திரம்  ,freedom,ஸுதந்த்3ரு,सुतन्द्रु,ꢱꢸꢡꢥ꣄ꢣꢬꢸ
சுரண்டல் ,exploitation,து3ஷ்ப்ரயோக்,दुष्प्रयोक,ꢣꢸꢰ꣄ꢦ꣄ꢬꢫꣁꢒ꣄
சுருக்கம்  ,abridgement,ஸங்க்க்ஷேபு,सङ्क्क्षेपु,ꢱꢖ꣄ꢒ꣄ꢯꢾꢦꢸ
சுவரொட்டி  ,wall-poster,பீ4துர் தெ3வ்ஸினி,भीतुर् द॑व्सिनि,ꢩꢷꢡꢸꢬ꣄ ꢣꢾꢮ꣄ꢱꢶꢥꢶ
சுற்றிக்கை  ,circular,சுட்டுர் களட்3ணி/ பரிபத்தர்,"चुट्टुर् कळड्णि, परिपत्तर","ꢗꢸꢜ꣄ꢜꢸꢬ꣄ ꢒꢳꢞ꣄ꢠꢶ, ꢦꢬꢶꢦꢡ꣄ꢡꢬ꣄"
செப்பனிடுதல்  ,repair,மராமத்து/ஸுத4ரணொ/சம்ஸ்கரணொ,"मरमत्तु, सुधरणा॑, चम्स्करणा॑","ꢪꢬꢵꢪꢡ꣄ꢡꢸ, ꢱꢸꢤꢬꢠꣁ, ꢗꢪ꣄ꢱ꣄ꢒꢬꢠꣁ"
செய்தித்துறை  ,information department,ஸூசன விபா4க்3/ ஸமாச்சாரு விபா4க்3,"सूचन विभाग, समाच्चारु विभाग","ꢱꢹꢗꢥ ꢮꢶꢩꢵꢔ꣄, ꢱꢪꢵꢗ꣄ꢗꢵꢬꢸ ꢮꢶꢩꢵꢔ꣄"
செயலகம்  ,secretariate,ஸசிவாலயொ,सचिवालया॑,ꢱꢗꢶꢮꢵꢭꢫꣁ
செயலர்  ,secretary,கார்யத3ர்ஸி,कार्यदर्सि,ꢒꢵꢬ꣄ꢫꢣꢬ꣄ꢱꢶ
செயலாளர்  ,secretary,கார்யத3ர்ஸி,कार्यदर्सि,ꢒꢵꢬ꣄ꢫꢣꢬ꣄ꢱꢶ
செல்வாக்கு  ,influence,ப்ரபா4வ்,प्रभाव्,ꢨ꣄ꢬꢩꢵꢮ꣄
செலவினம்  , items of expenditure,வேஸுன்,वेसुन्,ꢮꢿꢱꢸꢥ꣄
செலவு  ,expenditure,வேஸ்,वेस,ꢮꢿꢱ
செறிவு  ,intensity,தெ3ட்டு,देट्टु,ꢣꢾꢜ꣄ꢜꢸ
சேதம்  ,damage,க்ஷதி,क्षति,ꢒ꣄ꢯꢡꢶ
சேதாரம்,spoilage,சேதாரம்,सेतारम्,ꢱꢿꢡꢵꢬꢪ꣄
சேமிப்பு  ,savings,உராவ்,उराव,ꢆꢬꢵꢮ
சேனாதிபதி  ,army chief,ஸேனாதி4பதி,सेनाधिपति,ꢱꢿꢥꢵꢤꢶꢦꢡꢶ
சைகை  ,signal,ஸய்கனொ/ ஸமிஜ்ஞொ,"सय्कना॑, समिज्ना॑","ꢱꢫ꣄ꢒꢥꣁ, ꢱꢪꢶꢙ꣄ꢛꢸ"
சொத்து  ,assets,ஸொத்து,सा॑त्तु,ꢱꣁꢡ꣄ꢡꢸ
தகராறு  ,dispute,விவாத்/தெகு3ரால்,"विवात, त॑गुराल","ꢮꢶꢮꢵꢡ꣄, ꢡꢾꢔꢸꢬꢵꢭ꣄"
தகுதி  ,"qualification, eligibility",யோக்3யதொ/ லாகி3தொ,"योग्यता॑, लागिता॑","ꢫꣂꢔ꣄ꢫꢡꣁ, ꢭꢵꢔꢶꢡꣁ"
தட்டெழுத்தர்  ,typist,டங்கணகர்தொ,टङकणकर्ता॑,ꢜꢖ꣄ꢒꢠꢒꢬ꣄ꢡꣁ
தடம்  ,route,மார்கு3,मार्गु,ꢪꢵꢬ꣄ꢔꢸ
தடைகள்  ,obstacles,அட்3ட3முன்/அட்3டி3ன்/பா3தா4ன்,"अड्डामुन, अड्डिन, बाधान","ꢃꢞ꣄ꢞꢪꢸꢥ꣄, ꢂꢞ꣄ꢞꢶꢥ꣄, ꢨꢵꢤꢵꢥ꣄"
தண்டம்  ,"fine, penalty",த3ண்ட3ணொ,दण्डणा॑,ꢣꢠ꣄ꢞꢠꣁ
தண்டனை  ,punishment,த3ண்ட3ணொ,दण्डणा॑,ꢣꢠ꣄ꢞꢠꣁ
தணிக்கை  ,audit,ஸெர்கர:னி/லெக்2கொ/ லெ:க்கா நிரீக்ஷனொ/லெ:க்கா ஸோத4னொ/,"स॑र्करनि, ल॑ख्का॑, ल्ह॑क्का निरीक्षणा॑, ल्ह॑क्का सोधना॑","ꢱꢾꢬ꣄ꢒꢬꢥꢶ, ꢭꢾꢓ꣄ꢒꣁ, ꢭꢴꢾꢒ꣄ꢒꢵ ꢥꢶꢬꢷꢒ꣄ꢰꢠꣁ, ꢭꢴꢾꢒ꣄ꢒꢵ ꢱꣂꢤꢥꣁ"
,,து3ர்லிகி2னி,दूर्लिखिनि,ꢣꢹꢬ꣄ ꢭꢶꢓꢶꢥꢶ
தரகு  ,brokerage,தெரகு ஹன்னவ்,तेरकु हन्नव,ꢡꢾꢬꢒꢸ ꢲꢥ꣄ꢥꢮ꣄
தரப்பினர்  ,parties,பக்ஷவானுன்,पक्षवानुन,ꢦꢒꢰꢮꢵꢥꢸꢥ꣄
தரம்  ,"grade, standard",ஸ்ரேணி/உந்நதி,"स्रेणि, उन्नति","ꢱ꣄ꢬꢿꢠꢶ, ꢆꢥ꣄ꢥꢡꢶ"
தரிசு நிலம்   ,wasteland,விர்தாபு4ஞி/நிஸ்த பு4இ~,"व्र्ताभुञि, निस्त भुइ~","ꢮꢶꢬ꣄ꢡꢵ ꢩꢸꢛꢶ, ꢥꢶꢱ꣄ꢡ ꢩꢸꢄ~"
தரைப்படை  ,land army,த3ளபளொ/ த3ள ஸேனொ/பத3ஸேனொ,"दळपळा॑, दळ सेना॑, पद सेना॑","ꢣꢳꢦꢳꣁ, ꢣꢳ ꢱꢾꢥꣁ, ꢦꢣ ꢱꢿꢥꣁ"
தலைநகரம்  ,capital city,ராஜதா4னி,राजधानि,ꢬꢵꢙꢤꢵꢥꢶ
தலைமை  ,leadership,அக்3ராஸனுபன்/அக்3ராஸனொ,"अग्रासनुपन, अग्रासना॑","ꢂꢔ꣄ꢬꢵꢱꢥꢸꢦꢥ꣄, ꢂꢔ꣄ꢬꢵꢱꢥꣁ"
தலைவர்  ,"leader, president",அக்3ராஸனாதி4பதி,अग्रासनाधिपति,ꢂꢔ꣄ꢬꢵꢱꢥꢵꢤꢶꢦꢡꢶ
தள்ளுபடி  ,"discount, rebate",ரிபே3ட்/தொ3ப்பி3தெ3னி/ உன்ன கெர்னி,"रिबेट, दा॑प्बिद॑नि, उन्न क॑र्नि","ꢬꢶꢨꢾꢜ꣄, ꢣꣁꢦ꣄ꢨꢶꢣꢾꢥꢶ, ꢆꢥ꣄ꢥ ꢒꢾꢬ꣄ꢥꢶ"
தளவாடம்  ,equipment,உபகரணொ,उपकरणा॑,ꢆꢦꢒꢬꢠꣁ
தன்னாட்சி  ,autonomy,ஸ்வய அதி4கார்,स्वय अधिकार,ꢱ꣄ꢮꢫ ꢂꢟꢶꢒꢵꢬ꣄
தன்னியக்கம்  ,automation,ஸ்வசல்னி,स्वचल्नि,ꢱ꣄ꢮꢗꢭ꣄ꢥꢶ
தனிநபர்  ,individual,ஒண்டியாள்/ஒண்டவ்யக்தி,"आ॑ण्टियाळ, आ॑ण्टव्यक्ति","ꢏꢠ꣄ꢜꢶꢫꢵꢳ꣄, ꢏꢠ꣄ꢜꢮ꣄ꢫꢒ꣄ꢡꢶ"
தாக்குதல்  ,attack,மார்,मार,ꢪꢵꢬ꣄
தாய்மொழி  ,mother tongue,மாய் பா4ஷொ/ மாத்ரு பா4ஷொ,"माय भाषा॑, मात्रु भाषा॑","ꢪꢵꢫ꣄ ꢩꢵꢰꣁ, ꢪꢵꢡ꣄ꢬꢸ ꢩꢵꢰꣁ"
திட்டக்குழு  ,planning commission,யோஜனா ஆயோக்3,योजना आयोग,ꢫꣂꢙꢥꢵ ꢃꢫꣂꢔ꣄
திட்டம்  ,plan,யோஜனொ,योजना॑,ꢫꣂꢙꢥꣁ
திணிப்பு  ,imposition,திண்சினி/ அதி4ரோபணொ,"तिण्चिनि, अधिरोपणा॑","ꢡꢶꢠ꣄ꢗꢶꢥꢶ, ꢂꢤꢶꢬꣂꢦꢠꣁ"
,,திரிதம்,तिरितम्,ꢡꢶꢬꢶꢡꢪ꣄
திவால்  ,insolvent,தி3வால்,दिवाल,ꢣꢶꢮꢵꢭ꣄
திவான்  ,diwan,தி4வான்,धिवान्,ꢤꢶꢮꢵꢥ꣄
தீவிரவாதி  ,extremist,உக்3ரவாதி,उग्रवाति,ꢆꢔ꣄ꢬꢮꢵꢡꢶ
தீர்மானம்  ,resolution,திர்மான்/ நிர்ணயொ,"तिर्मान्, निर्णया॑","ꢡꢶꢬ꣄ꢪꢵꢥ꣄, ꢥꢶꢬ꣄ꢠꢫꣁ"
தீர்வை  ,duty,தீர்வொ,तीर्वा॑,ꢡꢷꢬ꣄ꢮꣁ
துணைராஷ்ட்ரபதி   ,vice-president (of a country),உபராஷ்ட்ரபதி,उपराष्ट्रपति,ꢆꢦꢬꢵꢰ꣄ꢜ꣄ꢬꢦꢡꢶ
துணைவிதி  ,by-law,உபவிதி4,उपविधि,ꢆꢦꢮꢶꢢꢶ
துப்புரவு  ,sanitation, நிர்மலிகரணொ/ ஸுத்3தி4 பாலனொ,"निर्मलिकरणा॑, सुद्धिपालना॑","ꢥꢶꢬ꣄ꢪꢭꢶꢒꢬꢠꣁ, ꢱꢸꢣ꣄ꢤꢶ ꢦꢵꢭꢥꣁ"
துறைமுகம்  ,harbour,தாரு ரேம்/ நாவுரேம்/ நவ்கா ரேம்,"तारु रेम, नावु रेम, नव्का रेम","ꢡꢵꢬꢸ ꢬꢾꢪ꣄, ꢥꢵꢮꢸꢬꢾꢪ꣄, ꢥꢮ꣄ꢒꢵ ꢬꢿꢪ꣄"
தூதரகம்,embassy,தூ3த நிவாஸ்,दुत निवास,ꢣꢸꢡꢥꢶꢮꢵꢱ꣄
தூதுவன்  ,messenger,தூ3தொ,दूता॑,ꢣꢹꢡꣁ
தூய்மை  ,cleanliness,பரிஸுத்3தி4,परिसुद्धि,ꢦꢬꢶꢱꢸꢣ꣄ꢤꢶ
தேக்கம்  ,stagnation,நிள்சினி,निळ्चिनि,ꢥꢶꢳ꣄꣄ꢗꢶꢥꢶ
தேசபக்தர்  ,patriot,தே3ஸப4க்தொ,देसभक्ता॑,ꢣꢾꢱꢩꢒ꣄ꢡꣁ
தேசபக்தி  ,patriotism,தே3ஸப4க்தி,देसभक्ति,ꢣꢿꢱꢩꢒ꣄ꢡꢶ
தேசம்  ,nation,ராஷ்ட்ரு/தே3ஸு,"राष्टरु, देसु","ꢬꢵꢰ꣄ꢜ꣄ꢬꢸ, ꢣꢾꢱꢸ"
தேசியக்கொடி  ,National Flag,ராஷ்ட்ரஜ2ண்டா3வ்,राष्ट्रझण्डाव,ꢬꢵꢰ꣄ꢜ꣄ꢬꢚꢠ꣄ꢞꢵꢮ꣄
தேசியகீதம்  ,National Anthem,ராஷ்ட்ரகா3னம்/தே3ஸுகீ3த்,"राष्ट्रगानम, देसुगीत","ꢬꢵꢰ꣄ꢜ꣄ꢬꢔꢵꢥꢪ꣄, ꢣꢾꢱꢸꢔꢷꢡ꣄"
தேசியமொழி  ,National Language,ராஷ்ட்ரபா4ஷொ,राष्ट्रभाषा॑,ꢬꢵꢰ꣄ꢜ꣄ꢬꢩꢵꢰꣁ
தேர்தல்  ,election,சுனாவ்/ நிர்வாசன்,"चुनाव, निर्वाचन","ꢗꢸꢥꢵꢮ꣄, ꢥꢶꢬ꣄ꢮꢵꢗꢥ꣄"
தேவை  ,need,பஜெந்தொ,पज॑न्ता॑,ꢦꢙꢾꢥ꣄ꢡꣁ
தொகுதி  ,constituency,நிர்வாசனு பா4க்3,निर्वाचनु भाग,ꢥꢶꢬ꣄ꢮꢵꢗꢥꢸ ꢩꢵꢔ꣄
தொகுப்பாளர்  ,compiler,ஸங்கலனகொ/ வ்யாஸிகர்தொ,"सङ्कलनका॑, व्यासिकर्ता॑","ꢱꢖ꣄ꢒꢭꢥꢒꣁ, ꢮ꣄ꢫꢵꢱꢶꢒꢬ꣄ꢡꣁ"
தொகுப்பு  ,compilation,ஸங்கலனொ/ வ்யாஸ்,"सङ्कलना॑, व्यास","ꢱꢖ꣄ꢒꢭꢥꣁ, ꢮ꣄ꢫꢵꢱ꣄"
தொகை  ,amount,ரொக்கம்/த4னராஶி,"रोक्कम, धनराशि","ꢬꣁꢒ꣄ꢒꢪ꣄, ꢤꢥꢬꢵꢯꢶ"
தொண்டர்  ,volunteer,ஸெவ்கன்,सेव्कन,ꢱꢾꢮ꣄ꢒꢥ꣄
தொலைவரி  ,telegram,தூ3ர்லிக்2னி,दूर्लिख्नि,ꢣꢹꢬ ꣄ꢭꢶꢓ꣄ꢥꢶ
தொழில்  ,labour,கார்யொ/காம்,"कार्या॑, काम","ꢒꢵꢬ꣄ꢫꣁ, ꢒꢵꢪ꣄"
தொழிலாளி  ,labourer,கார்யவான்/ காம் கெர்தொ/கார்யஸ்தொ2,"कार्यवान, काम्क॑र्ता॑, कर्यस्था॑","ꢒꢵꢬ꣄ꢫꢮꢵꢥ꣄, ꢒꢵꢪ꣄ꢒꢾꢬ꣄ꢡꣁ, ꢒꢵꢬ꣄ꢫꢱ꣄ꢢꣁ"
தொழிற்பேட்டை  ,industrial estate,காமு பொட்டெட்/ கார்யக4னொ,"कामु पा॑ट्ट॑ट, कारयघना॑","ꢒꢵꢪꢸ ꢦꣁꢜ꣄ꢜꢾꢜ꣄, ꢒꢵꢬ꣄ꢫꢕꢥꣁ"
தோராயம்  ,approximation,உத்3தே3ஸ்/ ஸாமீப்யதொ/ உன்ன உபிர்,"उद्देस, सामीप्यता॑,   उन्न उपिर","ꢆꢣ꣄ꢣꢾꢱ꣄, ꢱꢵꢪꢷꢦ꣄ꢫꢡꣁ, ꢆꢥ꣄ꢥ ꢆꢦꢶꢬ꣄"
தோழர்  ,comrade,ஸிங்கை3த்/ ஸெங்க3தி/ ஸஹவாஸி/ ஸெங்க3வி,"सिङ्गैत, स॑ङ्गति, सहवासि, स॑ङ्गवि","ꢱꢶꢖ꣄ꢔꣀꢡ꣄, ꢱꢾꢖ꣄ꢔꢡꢶ, ꢱꢲꢮꢵꢱꢶ, ꢱꢾꢖ꣄ꢔꢮꢶ"
நகரசபை  ,municipality,நக3ர ஸபொ4 / க்3ராம ஸங்கொ4 / நக3ர பாலிகொ,"नगरसभा॑, ग्राम सङ्घा॑, नगर पालिका॑","ꢥꢔꢬꢱꢩꣁ, ꢔ꣄ꢬꢵꢪ ꢱꢖ꣄ꢕꣁ, ꢥꢔꢬ ꢦꢵꢭꢶꢒꣁ"
நடமாட்டம்  ,movement,சால்சலன்,चाल्चलन,ꢗꢵꢭ꣄ꢗꢭꢥ꣄
நடவடிக்கை  ,action,க்ரியாக்ரமொ,क्रियाक्रमा॑,ꢒ꣄ꢬꢶꢫꢵꢒ꣄ꢬꢪꣁ
நடுவணரசு  ,Central Government,மத்4யஸர்கார்,मध्य सर्कार,ꢪꢤ꣄ꢫ ꢱꢬ꣄ꢒꢵꢬ꣄
நடைபாதை  ,pavement,உலாஸு வாட்/ சலன் வாட்,"उलासुवाट, चलन्वाट","ꢆꢭꢵꢱꢸꢮꢵꢜ꣄, ꢗꢭꢥ꣄ꢮꢵꢜ꣄"
நஷ்ட ஈடு   ,compensation,நெஷ்டி நிவாரணொ,न॑ष्टि निवारणा॑,ꢥꢾꢰ꣄ꢜꢶ ꢥꢶꢮꢵꢬꢠꣁ
நாகரீகம்  ,civilization,நாக3ரீக்3/ ஸம்ஸ்க்ருதி,"नाग्रीग, सम्स्क्रुति","ꢥꢵꢔ꣄ꢬꢷꢔ꣄, ꢱꢪ꣄ꢱ꣄ꢒ꣄ꢬꢸꢡꢶ"
நாட்கூலி  ,daily wage,தி3ன்னு ஸொம்பு3ளொ,दिन्नु सा॑म्बुळा॑,ꢣꢶꢥ꣄ꢥꢸ ꢱꣁꢪ꣄ꢨꢸꢳꣁ
நாட்டினம்  ,local race (of a country),க்3ராம்யஜாத்/ ஸ்த2லீயஜாத்,"ग्राम्यजात, स्थलीयजात","ꢔ꣄ꢬꢵꢪ꣄ꢫꢙꢵꢡ꣄, ꢱ꣄ꢢꢭꢷꢫꢙꢵꢡ꣄"
நாட்டுக்கொடி  ,National Flag,ராஷ்ட்ர ஜ2ண்டா3வ்/ தே3ஸு  ஜ2ண்டா3வ்,"राष्ट्र झण्डाव, देसु झण्डाव","ꢬꢵꢰ꣄ꢜ꣄ꢬ ꢚꢠ꣄ꢞꢮ꣄, ꢣꢾꢱꢸ ꢚꢠ꣄ꢞꢵꢮ꣄"
நாட்டுப்பண்  ,National Anthem,ராஷ்ட்ர கீ3த் /தே3ஸு கீ3த்,"राष्ट्रगीत, देसुगीत","ꢬꢵꢰ꣄ꢜ꣄ꢬꢔꢷꢜ꣄, ꢣꢾꢱꢸꢔꢷꢜ꣄"
நாட்டுப்பற்று  ,patriotism,ராஷ்ட்ர ப4க்தி/ தே3ஸுப3க்தி,"राष्ट्र भक्ति, देसुभक्ति","ꢬꢵꢰ꣄ꢜ꣄ꢬ ꢩꢒ꣄ꢡꢶ, ꢣꢾꢱꢸꢩꢒ꣄ꢡꢶ"
நாட்டுரிமை  ,citizenship / nationality,நாக3ரீகதொ/ தே3ஸீயதொ,"नागरीकता॑, देसुयता॑","ꢥꢵꢔꢬꢷꢒꢡꣁ, ꢣꢾꢱꢶꢫꢡꣁ"
நாடாளுமன்றம்  ,parliament,லோக்ஸபொ4,लोक्सभा॑,ꢭꣂꢒ꣄ ꢱꢩꣁ
நாடு  ,country,ராஷ்ட்ரு/தே3ஸ்,"राष्ट्रु, देस","ꢬꢵꢰ꣄ꢜ꣄ꢬꢸ, ꢣꢾꢱ꣄"
நிகழ்ச்சி  ,event,கார்ய சாலனொ/ வைப4வ்,"कार्य चालना॑, वैभव","ꢒꢵꢬ꣄ꢫ ꢗꢵꢭꢥꣁ, ꢮꣀꢩꢮ꣄"
நிகழ்ச்சிநிரல்  ,"agenda, programme",கார்யக்ரமொ,कार्यक्रमा॑,ꢒꢵꢬ꣄ꢫꢒ꣄ꢬꢪꣁ
நிதி  ,fund,ஹன்னவ்/நிதி4,"हन्नवु, निघि","ꢲꢥ꣄ꢥꢮꢸ, ꢥꢶꢕꢶ"
நிதித்துறை  ,finance department,நிதி4விபா4க்3,नितिविभाग,ꢥꢶꢡꢶ ꢮꢶꢩꢵꢔ
நிபந்தனை  ,condition,நிபந்த3னொ,निपन्दना॑,ꢥꢶꢦꢥ꣄ꢣꢥꣁ
நிர்வாகம்  ,administration,நிர்வாஹ்,निर्वाह,ꢥꢶꢬ꣄ꢮꢵꢲ꣄
நிரல்  ,series/sequence,க்ரமொ,क्रमा॑,ꢒ꣄ꢬꢪꣁ
,,நிர்வாக்,निर्वाक्,ꢥꢶꢬ꣄ꢮꢵꢒ꣄
நிருபணம்  ,proof,நிரூபணொ/ப்ரமாண்/ருஜு,"निरुपणा॑, प्रमाण, रूजु","ꢥꢶꢬꢸꢦꢠꣁ, ꢦ꣄ꢬꢪꢵꢠ꣄, ꢬꢹꢙꢸ"
நிரை,range,ஸ்ரோணி,स्रेणि,ꢱ꣄ꢬꢿꢠꢶ
நிலவரி  ,land tax,தா2மு கரொ,थामु करा॑,ꢢꢵꢪꢸ ꢒꢬꣁ
நிறுவனம்  ,institute,ஸ்தா2பனொ,स्थापना॑,ꢱ꣄ꢢꢵꢦꢥꣁ
நிறை,merit,யோக்யதொ,योक्यता॑,ꢫꣂꢒ꣄ꢫꢡꣁ
நீதிபதி  ,judge,நீதிபதி/ நியாயாதி4பதி,"नीतिपति, नियायाधिपति","ꢥꢷꢡꢶꢦꢡꢶ, ꢥꢶꢫꢵꢫꢵꢤꢶꢦꢡꢶ"
நீதிமன்றம்  ,court,நீதிஸ்த2ல்,नीतिस्थल,ꢥꢷꢡꢶꢱ꣄ꢢꢭ꣄
நுகர்பொருள்கள்,consumer`s goods,உபயோகு3வஸ்துன்/ நுக3ன் வஸ்துன்,"उपयोगु वस्तुन, नुगन वस्तुन","ꢆꢦꢫꣂꢔꢸ       ꢮꢱ꣄ꢡꢸꢥ꣄, ꢥꢸꢔꢥ꣄ ꢮꢱ꣄ꢡꢸꢥ꣄"
நுகர்வு  ,consumption,உபயோக்3/ நுகி3னி,"उपयोग, नुगिनि","ꢆꢦꢫꣂꢔ, ꢥꢸꢔꢶꢥꢶ"
நுழைவு  ,entry,துர்னி/ ப்ரவேஶ்,"तुर्नि, प्रेवुश","ꢡꢸꢬ꣄ꢥꢶ, ꢦ꣄ꢬꢾꢮ꣄ꢯ꣄"
நெருக்கடி  ,crisis,இர்கட்/ஸங்க3ட்,"इर्कट, सङ्गट","ꢄꢬ꣄ꢒꢜ꣄, ꢱꢖ꣄ꢔꢜ꣄"
பகுப்பாய்வு  ,analysis,வகொ3பரிஸோத3னொ,वगा॑परिसोदना॑,ꢮꢔꣁ ꢦꢬꢶ ꢱꣂꢣꢥꣁ
பங்களிப்பு  ,contribution,ஸஹயோக்3,सहयोग,ꢱꢲꢫꣁꢔ꣄
பங்கு  ,share,வடொ,वटो,ꢮꢜꣁ
பஞ்சப்படி  ,dearness allowance,து3கா3ளு ஹன்னவ் /து3கா3ளு ப4ர்தொ,"दुगाळु हन्नव, दुगाळु भर्ता॑","ꢣꢸꢔꢵꢳꢸ ꢲꢥ꣄ꢥꢮ꣄, ꢣꢸꢔꢵꢳꢸ ꢩꢬ꣄ꢡꣁ"
பஞ்சம்  ,famine,து3கா3ள்,दुगाळ,ꢣꢸꢔꢵꢳ꣄꣄
பட்டாளம் / படை  ,army,ஸேனொ/பளொ,"सेना॑, पळा॑","ꢱꢿꢥꣁ, ꢦꢳꣁ"
பட்டி  ,bill,பி3ல்/ரஸீத்,"बिल्, रसीतु","ꢨꢶꢭ꣄, ꢬꢱꢷꢡꢸ"
பட்டியல்  ,list,ஜாபிதொ/ஜப்தொ,"जापिता॑, जप्ता॑","ꢙꢵꢦꢶꢡꣁ, ꢙꢦ꣄ꢡꣁ"
படி  ,allowance,ஸம்பா4வனொ,सम्भावना॑,ꢱꢪ꣄ꢩꢮꢥꣁ
படை எடுப்பு,"attack, aggression",ஹனி,हनि,ꢲꢥꢶ
படைக்கலம்  ,arms,ஜெ2டா3 அய்து3/ ஸேனா த3ளவாடு3ண்,"झ॑डा अय्दु, सेना दळवाडुण","ꢚꢾꢞꢵ ꢂꢫ꣄ꢣꢸ, ꢱꢿꢥꢵ ꢣꢳꢮꢵꢞꢸꢥ꣄"
படைத்தளபதி  ,army chief,ஸேனாபதி/ த3ளகர்தொ,"सेनापति, दलकर्ता॑","ꢱꢿꢥꢵꢦꢡꢶ, ꢣꢭꢒꢬ꣄ꢡꣁ"
படைப்பிரிவு  ,regiment,ஸேனா த3ள்,सेनादळ,ꢣꢿꢥꢵ ꢣꢳ꣄
பண்டங்கள்  ,commodity,பதா3ர்து2ன்/  பொ4ண்ணமுன்,"पदार्थुन, भा॑ण्णमुन","ꢦꢣꢵꢬ꣄ꢢꢸꢥ꣄, ꢩꣁꢠ꣄ꢠꢪꢸꢥ꣄"
பண்பாடு  ,culture,கலாசார்/ஸம்ஸ்க்ருதி,"कलाचार्, सम्स्क्रुति","ꢒꢭꢵꢗꢵꢬ꣄, ꢱꢪ꣄ꢱ꣄ꢒ꣄ꢬꢸꢡꢶ"
பணி  ,profession,உத்3யோக்3,उद्योग्,ꢆꢣ꣄ꢫꣂꢔ꣄
பணி நீக்கம்   ,dismissal (from job),காம் ஹெட்3ணி,काम ह॑ड्णि,ꢒꢵꢪ꣄ ꢲꢾꢞ꣄ꢠꢶ
பணி மாற்றம்   ,transfer,காம் மர்சினி,काम्मरिनि,ꢒꢪ ꣄ꢪꢬ꣄ꢗꢶꢥꢶ
பணி மூப்பு   ,seniority,காமு ஜேஷ்டபன்,कामु जेष्टपन,ꢒꢵꢪꢸ ꢙꢿꢰ꣄ꢜꢦꢥ꣄
பணியாளர்  ,employees,கார்யவான்,कार्यावान्,ꢒꢵꢬ꣄ꢫꢵꢮꢵꢥ꣄
பதவி  ,"position, job",பத3வி,पदवि,ꢦꢣꢮꢶ
பதவி இறக்கம்   ,demotion,பத3வி ஹுத்ராவ்,पदवि हुत्राव,ꢦꢣꢮꢶ ꢲꢸꢡ꣄ꢬꢵꢮ꣄
பதவி உயர்வு   ,promotion,பத3வி ஹிங்கா3வ்,पदवि हिङ्गाव,ꢦꢣꢮꢶ ꢲꢶꢖ꣄ꢔꢵꢮ꣄
பதவி ஏற்பு   ,sworn in,பத3வி க2ள்ளினி,पदवि खळ्ळिनि,ꢦꢣꢮꢶꢓꢳ꣄ꢳꢶꢥꢶ
பதவிக்காலம்  ,tenure,பத3விகால்,पदविकाल,ꢦꢣꢮꢶ ꢒꢵꢭ
பதிப்பாசிரியர்  ,editor,ஜ2ட்தி2/ஒத்3தி3,"झट्थि, ओद्दि","ꢚꢜ꣄ꢢꢶ, ꢏꢣ꣄ꢣꢶ"
பதிப்பு  ,edition,நிம்பினி/ ஸம்ஸ்கரணொ,"निम्पिनि, सम्स्करणा॑","ꢥꢶꢪ꣄ꢦꢶꢥꢶ, ꢱꢪ꣄ꢱ꣄ꢒꢬꢠꣁ"
பதிப்புரிமை  ,copy right,நிம்பினிபா3த்4யதொ ,निम्पि निबाध्यता॑,ꢥꢶꢪ꣄ꢦꢶꢥꢶ ꢨꢵꢤ꣄ꢫꢡꣁ
பதிலாள்  ,substitute,ப4ர்தி/பொ3து3ல்,"भर्ति, बा॑दुल","ꢩꢬ꣄ꢡꢶ, ꢨꣁꢣꢸꢭ꣄"
பதிவு  ,registration,பஞ்சிகொ / நிர்தே3ஸொ,"पञ्चिका॑, निर्देसा॑","ꢦꢛ꣄ꢗꢶꢒꣁ, ꢥꢶꢬ꣄ꢣꢿꢱꣁ"
பதிவேடு  ,register,பஞ்சிகா பத்தர்,पञ्चिका पत्तर,ꢦꢛ꣄ꢗꢶꢒꣁ ꢦꢡ꣄ꢡꢬ꣄
பயணிகள் விடுதி   ,travellers bungalow,ஸெத்தர்,स॑त्तर,ꢱꢾꢡ꣄ꢡꢬ꣄
பயனாளி  ,beneficiary,பொ4கு3னார்,भा॑गुनार,ꢩꣁꢔꢸꢥꢵꢬ꣄
பயிற்றுமொழி  ,medium of education,ஸிக்ஷா மாத்3யொ,सिक्षा माद्यो,ꢱꢶꢒ꣄ꢰꢵ ꢪꢵꢣ꣄ꢫꣁ
பராமரிப்பு  ,maintenance,பரிபாலனொ,परिपालना॑,ꢦꢬꢶꢦꢵꢭꢥꣁ
பரிசீலனை  ,consideration,பரிஸீலனொ,परिसीलना॑,ꢦꢬꢶꢱꢷꢭꢥꣁ
பரிந்துரை  ,recommendation,ஸுப3ர்சி,सुपर्चि,ꢱꢸꢦꢬ꣄ꢗꢶ
பரிமாற்றம்  ,exchange,பரிவர்தனொ,परिवर्तना॑,ꢦꢬꢶꢮꢬ꣄ꢡꢥꣁ
பற்றாக்குறை  ,"shortage, deficit",நிதி4உன்னொ/ பு2ரொ பு2ர்னாஸ்தே ,"निधिउन्ना॑, फुरा॑ फुर्नास्ते","ꢥꢶꢤꢶ ꢆꢥ꣄ꢥꣁ, ꢧꢸꢬꣁ ꢧꢸꢬ꣄ꢥꢵꢱ꣄ꢡꢾ"
பற்று  ,debit,பற்று/ ஜனி,"पर्रु, जनि","ꢦꢬ꣄ꢬꢸ, ꢙꢥꢶ"
பறிமுதல்  ,seize,அபஹரணொ,अपहरणा॑,ꢂꢦꢲꢬꢠꣁ
நீர்பாசனம்,irrigation,பனி ஸிஞ்சாவ்,पनि सिनन्चाव,ꢦꢥꢶ ꢱꢶꢛ꣄ꢗꢵꢮ꣄
பாதுகாப்பு  ,defence,ரக்ஷனொ,रक्षना॑,ꢬꢒ꣄ꢰꢥꣁ
பாராளுமன்றம்  ,parliament,லோக்ஸபொ4,लोक्सभा॑,ꢭꣂꢒ꣄ꢱꢩꣁ
பால்பண்ணை  ,dairy,தூ3த் உத்பாத3னஸாலொ,दूत उत्पादनसाला॑,ꢣꢹꢡ꣄ ꢆꢡ꣄ꢦꢵꢣꢥꢱꢵꢭꣁ
தேர்தல் பிரசாரம்  ,election campaign,சுனாவு ப்ரசார்,चुनावु प्रचार,ꢗꢸꢥꢵꢮꢸ ꢦ꣄ꢬꢗꢵꢬ꣄
பிணை  ,surety,ஜமீன்,जमीन,ꢙꢪꢷꢥ
பிணையம்  ,bail,ப4ர்தி,भर्ति,ꢩꢬ꣄ꢡꢶ
பிரதம அமைச்சர்   ,prime minister,ப்ரதா4ன்மந்திரி,प्रधान्मन्तिरि,ꢦ꣄ꢬꢤꢵꢥ꣄ ꢪꢥ꣄ꢡꢶꢬꢶ
பிரதிநிதி  ,representative,பொ3து3ல்வாதி,बा॑दुल्वाति,ꢨꣁꢣꢸꢭ꣄ ꢮꢵꢡꢶ
பிரதேசம்  ,territory,ப்ரதே3ஸு,प्रतेसु,ꢦ꣄ꢬꢡꢿꢱꢸ
பிரபு  ,lord,ப்ரபு4,प्रभु,ꢦ꣄ꢬꢩꢸ
பிரஜை,citizen,ப்ரஜொ,प्रजा॑,ꢦ꣄ꢬꢙꣁ
பிரிவு  ,cell (division),விபா4க3,विभाग,ꢮꢶꢩꢵꢔ
பிற்சேர்க்கை  ,appendix,அநுப3ந்து4,अनुबन्धु,ꢂꢥꢸꢨꢥ꣄ꢤꢸ
பிற்பட்ட வகுப்பினர்   ,backward class people,பஸ்கட்வர்கு3 ஸமூஹு / பஸ்கட் பொடெ3 ஸமூஹு,"पस्कट्वरगु समूहू, पस्कट बा॑ड॑ समूहु","ꢦꢱ꣄ꢒꢜ꣄ꢮꢬ꣄ꢔꢸ ꢱꢪꢹꢲꢸ, ꢦꢱ꣄ꢒꢜ꣄ ꢦꣁꢞꢾ ꢱꢪꢹꢲꢸ"
பிறப்பு வீதம்   ,birth rate,ஜன்மாந்த3ரமு,जन्मान्दरमु,ꢙꢥ꣄ꢪꢵꢥ꣄ꢣꢬꢪꢸ
பின்தங்கிய  ,back ward,பஸ்கடு3 ஸமூஹு,पस्कडु समूहु,ꢦꢱ꣄ꢒꢞꢸꢱꢪꢹꢲꢸ
பின்னிணைப்பு  ,appendix,அநுப3ந்து4,अनुबन्धु,ꢂꢥꢸꢨꢥ꣄ꢤꢸ
புகார்  ,complaint,புகா3ர்/ அபி4யோக3,"पुकार्, अभियोग","ꢦꢸꢒꢵꢬ꣄, ꢂꢩꢶꢫꣂꢔ"
புதுப்பித்தல்  ,renewal,நவீகரணொ/ நொவ்வ கெர்னி,"नोव्वकरणा॑, ना॑व्व क॑र्नि","ꢥꣁꢮ꣄ꢮꢒꢬꢠꣁ, ꢥꣁꢮ꣄ꢮꢒꢾꢬ꣄ꢥꢶ"
புரட்சி  ,revolution,க்ராந்தி,क्रान्ति,ꢒ꣄ꢬꢵꢥ꣄ꢡꢶ
புரளி  ,rumour,வத3ந்தி,वदन्ति,ꢮꢣꢥ꣄ꢡꢶ
புலனாய்வு  ,investigation,விசாரணொ/அன்வேஸனொ,"विचारणा॑, अन्वेसना॑","ꢮꢶꢗꢵꢬꢠꣁ, ꢂꢥ꣄ꢮꢿꢱꢥꣁ"
புறம்போக்கு  ,government land,ஸர்காரு தா2ம்,सर्कारु थाम,ꢱꢬ꣄ꢒꢵꢬꢸ ꢢꢵꢪ꣄
பெருக்கி,amplifier,விஸ்தார்/விலாஸ்,"विस्तार्, विलास्","ꢮꢶꢱ꣄ꢡꢵꢬ꣄, ꢮꢶꢭꢵꢱ꣄"
பெரும்பான்மை  ,majority,ப3ஹு ஸங்க்2யதொ,बहु सङ्ख्यता॑,ꢨꢲꢸ ꢱꢖ꣄ꢓ꣄ꢫꢡꣁ
பெருமம்  ,maximum,அதி4கதொ/உபிர்,"अधिकता॑, उपिर","ꢂꢤꢶꢒꢡꣁ, ꢆꢦꢶꢬ꣄"
பேரரசர்  ,emperor,ராஜாதி4 ரஜொ/ மா:ராட் /ஸாம்ராட் / சக்ரவர்தி,"राजाधि रजा॑, म्हाराट, साम्राट, सक्रवर्ति","ꢬꢵꢙꢵꢤꢶꢬꢙꣁ, ꢪꢴꢵꢬꢵꢜ꣄, ꢱꢵꢪ꣄ꢬꢵꢜ꣄, ꢗꢒ꣄ꢬꢮꢬ꣄ꢡꢶ"
பேரரசு  ,empire,லாம்ராஜ்யு/ ஸாம்ராஜ்யு,"लाम्राज्यु, साम्राज्यु","ꢭꢵꢪ꣄ꢬꢵꢙ꣄ꢫꢸ, ꢱꢵꢪ꣄ꢬꢵꢙ꣄ꢫꢸ"
பேரவை  ,general body,மஹாஸபொ4,महा सभा॑,ꢪꢲꢵ ꢱꢩꣁ
பேரூராட்சி  ,municipality,நக3ரபாலிகொ,नगर पालिका॑,ꢥꢔꢬꢦꢵꢭꢶꢒꣁ
பேரேடு  ,ledger,லெட்3ஜர்/வ்யக்தி லெ:க்கா புஸ்தவ்/பெரேட்,"ल॑ड्जर, व्यक्ति ल्ह॑क्का पुस्तव, पेरेट","ꢭꢾꢞ꣄ꢙꢬ꣄, ꢮ꣄ꢫꢒ꣄ꢡꢶ ꢭꢴꢾꢒ꣄ꢒꢵ ꢦꢸꢱ꣄ꢡꢮ꣄, ꢦꢾꢬꢿꢜ꣄"
பொதுக்கூட்டம்  ,public meeting,ஸாதா4ரணஸபொ4/ ஸார்வஜனிக் ஸபொ4,"साधारण सभा॑, सार्वजनिक सभा॑","ꢱꢵꢤꢵꢬꢥꢱꢩꣁ, ꢱꢵꢬ꣄ꢮꢙꢥꢶꢒ꣄ ꢱꢩꣁ"
பொதுத்துறை  ,public sector,ஸார்வஜனிக் விபா4க்3 /           லோக விபா4க்3,"सार्वजनिक्विभग, लोग विभाग","ꢱꢵꢬ꣄ꢮꢙꢥꢶꢒ꣄ ꢮꢶꢩꢵꢔ꣄, ꢭꣁꢒ ꢮꢶꢩꢵꢔ꣄"
பொதுநூலகம்  ,public library,லோக க்3ரந்தா2லயொ,लोक ग्रन्थालया॑,ꢭꣂꢒ ꢔ꣄ꢬꢥ꣄ꢢꢵꢭꢫꣁ
பொதுவிடுமுறை   ,public holiday,ஸாதா4ரண விராம்,साधारण विराम,ꢱꢵꢤꢵꢬꢠ ꢮꢶꢬꢵꢪ꣄
பொருளாதாரம்  ,economy,ஆர்தி2க ஸ்தி2தி,आर्थिक सथिति,ꢃꢬ꣄ꢢꢶꢒ ꢱ꣄ꢢꢶꢡꢶ
பொறுப்பு  ,incharge,கார்யபா4ர்,कार्यभार,ꢒꢵꢬ꣄ꢫꢩꢵꢬ꣄
போக்கு  ,trend,ஜனி/ப்ரவர்தி,"जनि, प्रवर्ति","ꢙꢥꢶ, ꢦ꣄ꢬꢮꢬ꣄ꢡꢶ"
போட்டி  ,competition,ஸ்பர்த4ன்/பொந்தி,"स्पर्धन, पा॑न्ति","ꢱ꣄ꢦꢬ꣄ꢤꢥ꣄, ꢦꣁꢥ꣄ꢡꢶ"
போர்  ,war,யுத்3து4,युद्धु,ꢫꢸꢣ꣄ꢤꢸ
போராட்டம்  ,agitation,ஆர்பா4டொ,आर्भाटो,ꢃꢬ꣄ꢩꢵꢜꣁ
போராளி  ,fighter,ஆர்பா4டொ கெர்னார்/ யோத்3து4,"आर्भाटा॑ क॑र्नार, योद्धु","ꢃꢬ꣄ꢩꢵꢜꣁ ꢒꢾꢬ꣄ꢥꢵꢬ꣄, ꢫꣁꢣ꣄ꢤꢸ"
மக்கள் தொகை   ,population,ஜன ஸங்க்2யொ,जन सङ्ख्या॑,ꢙꢥ ꢱꢖ꣄ꢓ꣄ꢫꣁ
மக்களவை  ,parliament,லோக்ஸபொ4,लोक्सभा॑,ꢭꣂꢒ꣄ꢱꢩꣁ
மத்திய அரசு   ,Central Government,மத்4யஸர்கார்/ கேந்த்3ர ஸர்கார்,"मध्यसर्कार, केन्द्र सर्कार","ꢪꢤ꣄ꢫꢱꢬ꣄ꢒꢵꢬ꣄, ꢒꢿꢥ꣄ꢣ꣄ꢬ ꢱꢬ꣄ꢒꢵꢬ꣄"
மதிப்பீடு  ,"estimate, assessment",ஆகலனொ,आकलना॑,ꢃꢒꢭꢥꣁ
மதிப்பு  ,value,மூல்ய நிர்தா4ரணொ,मूल्य निर्धारणा॑,ꢪꢹꢭ꣄ꢫ ꢥꢶꢬ꣄ꢤꢵꢬꢠꣁ
மதிப்பூதியம்  ,honorarium,பரிஸ்ராம ஸுல்கொ/ ஸம்பா4வனொ,"परिस्राम सुल्का॑, सम्भावना॑","ꢦꢬꢶꢱ꣄ꢬꢵꢪ ꢱꢸꢭ꣄ꢒꣁ, ꢱꢪ꣄ꢩꢵꢮꢥꣁ"
மதுவிலக்கு  ,prohibition,மது4 நிரோத4னொ,मधु निरोधना॑,ꢪꢤꢸ ꢥꢶꢬꣁꢤꢥꣁ
மந்திரி  ,minister,மந்த்ரி/ ஸசிவொ/ அமாத்யொ,"मन्त्रि, सचिवा॑, अमात्या॑","ꢪꢥ꣄ꢡ꣄ꢬꢶ, ꢱꢗꢶꢮꣁ, ꢂꢪꢵꢡ꣄ꢫꣁ"
மறுப்பு  ,denial,நா: மென்னி,न्हाम॑न्नि,ꢥꢴꢵꢪꢾꢥ꣄ꢥꢶ
மறுமலர்ச்சி  ,renaissance,புனர்பு2லனொ,पुनर्फुलना॑,ꢦꢸꢥꢬ꣄ꢧꢸꢭꢥꣁ
மறுவாழ்வு  ,rehabilitation,புனர் ஜீவனொ,पुनर जीवना॑,ꢦꢸꢥꢬ꣄ ꢙꢷꢮꢥꣁ
மன்னன்  ,king,ரஜொ/ராட்,"रजा॑, राट","ꢬꢙꣁ, ꢬꢵꢜ"
மனு  ,application,பிரார்த2னா பத்ரு/கொரி பத்ரு,"पिरार्थना पत्रु, का॑रि पत्रु","ꢦꢶꢬꢵꢬ꣄ꢢꢥꢵ ꢦꢡ꣄ꢬꢸ, ꢒꣁꢬꢶ ꢦꢡ꣄ꢬꢸ"
மாநகராட்சி  ,corporation,மஹா நக3ரபாலிகொ,महा नगरपालिका॑,ꢪꢲꢵ ꢥꢔꢬꢦꢵꢭꢶꢒꣁ
மாநாடு  ,conferance,ஸம்மேளனொ,सम्मेलना॑,ꢱꢪ꣄ꢪꢿꢭꢥꣁ
மாநில அரசு   ,state government,ப்ராந்தியஸர்கார்,प्रान्तिय सर्कार,ꢬꢵꢙ꣄ꢫ ꢱꢬ꣄ꢒꢵꢬ꣄
மாநிலம்  ,state (as in India),ப்ராந்து,प्रान्तु,ꢦ꣄ꢬꢵꢥ꣄ꢡꢸ
மாமன்னர்  ,emperor,ஸாம்ராட்,साम्राट,ꢱꢵꢪ꣄ꢬꢵꢜ
மார்க்சீயம்  ,Marxism,ஸாம்யவாத்3,साम्यवाद,ꢱꢵꢪ꣄ꢫꢮꢵꢣ꣄
மாவட்டம்  ,district,ஜில்லொ,जिल्ला॑,ꢙꢶꢭ꣄ꢭꣁ
மானியம்  ,grant,மான்யம்,मान्यम्,ꢪꢵꢥ꣄ꢫꢪ꣄
மீட்பு  ,recovery,புனர் ப்ராப்தி/,पुनर्प्राप्ति,ꢦꢸꢥꢬ꣄ ꢦ꣄ꢬꢵꢦ꣄ꢡꢶ
மீதி  ,balance,கவ்னி/உராவ்/கொவ்தா3யொ/ ஸேஸ்,"कव्नि, उराव, का॑व दाया॑, सेश","ꢒꢮ꣄ꢥꢶ, ꢆꢬꢵꢮ꣄, ꢒꣁꢮ꣄ ꢣꢵꢫꣁ, ꢱꢿꢱ꣄"
முகவர்  ,agent,ப்ரதிநிதி,प्रतिनिति,ꢦ꣄ꢬꢡꢶꢥꢶꢜꢶ
முடியரசு  ,monarchy,ஸாம்ராடு பாலனொ,साम्राटु पालना॑,ꢱꢵꢪ꣄ꢬꢵꢜꢸ ꢦꢵꢭꢥꣁ
முத்திரை  ,"seal, stamp",முத்3ரொ,मुद्रा॑,ꢪꢸꢣ꣄ꢬꣁ
முதல்  ,capital,மூலுத4ன்,मूलुधन,ꢪꢹꢭꢸꢤꢥ꣄
முதலமைச்சர்  ,chief minister,முக்ய மந்திரி,मुक्य मन्तिरि,ꢪꢸꢒ꣄ꢫ ꢪꢥ꣄ꢡꢶꢬꢶ
முதலாளி  ,capitalists,மூலத4னவான்,मूलधनवान,ꢪꢹꢭꢤꢥꢮꢵꢥ꣄
முதலாளித்துவம்  ,capitalism,த4னவானுபன்,धनवानुपन,ꢤꢥꢮꢵꢥꢸꢦꢥ꣄
மேல்முறையீடு  ,appeal,புனர்விசார ப்ரார்தனொ,पुनर्विचार प्रार्तना॑,ꢦꢸꢥꢬ꣄ ꢮꢶꢗꢵꢬ ꢦ꣄ꢬꢵꢬ꣄ꢡꢥꣁ
முன்படி  ,advance copy,ப்ராக்ப்ரதி,प्राक्प्रति,ꢦ꣄ꢬꢵꢒ꣄ꢦ꣄ꢬꢡꢶ
முன்னறிவிப்பு  ,forecast,பூர்வானுமான்,पूर्वानुमान,ꢦꢹꢬ꣄ꢮꢵꢥꢸꢪꢵꢥ꣄
முன்னுரிமை  ,priority,பை2ல பா3த்யதொ,फैल बात्यता॑,ꢧꣀꢭ ꢨꢵꢡ꣄ꢫꢡꣁ
முன்னேற்றம்  ,progress,அபி4விருத்3தி4,अभिविरुद्धि,ꢂꢩꢶꢮꢶꢬꢸꢣ꣄ꢤꢶ
,,"நீவி, மூலத4னமு","नीवि, मूलधनमु","ꢥꢷꢮꢶ, ꢪꢹꢭꢤꢥꢪꢸ"
மூலப்பொருள்  ,raw material,மூலவஸ்து,मूलवस्तु,ꢪꢹꢭꢮꢱ꣄ꢡꢸ
மெய்க்காப்பாளர்   ,body guard,அங்க3ரக்ஷகொ,आङ्गरक्षका॑,ꢃꢖ꣄ꢔꢬꢒ꣄ꢯꢒꣁ
மேடை  ,stage,மிட்டொ / மஞ்சு / வேதி3கொ,"मिट्टा॑, मञ्चु, वेदिका॑","ꢪꢶꢜ꣄ꢜꣁ, ꢪꢛ꣄ꢗꢸ, ꢮꢿꢣꢶꢒꣁ"
மேம்பாடு  ,development,அபி4வ்ருத்3தி4,अभिव्रुद्धि,ꢂꢩꢶꢮ꣄ꢬꢸꢣ꣄ꢤꢶ
மேல்சபை  ,legislative council,மேடினு விதா4ன் ஸபொ4,मेटिनु विधान सभा॑,ꢪꢿꢜꢶꢥꢸ ꢮꢶꢤꢵꢥ꣄ ꢱꢩꣁ
மேலதிகாரி  ,superior officer,உஞ்சஅதி4காரி,उञ्च अधिकारि,ꢆꢛ꣄ꢗ ꢂꢤꢶꢒꢵꢬꢶ
மேலாண்மை  ,management,நிர்வாஹ்/நியந்த்ரொ,"निर्वाह, नियन्त्रा॑","ꢥꢶꢬ꣄ꢮꢵꢲ꣄, ꢥꢶꢫꢥ꣄ꢡ꣄ꢬꣁ"
மேலாளர்  ,manager,ப்ரப3ந்த4கொ/ மேடு நிர்வாஹி,"प्रबन्धका॑, मेटु निर्वाहि","ꢦ꣄ꢬꢨꢥ꣄ꢤꢒꣁ, ꢪꢾꢜꢸ ꢥꢶꢮꢵꢲꢶ"
மேலிடம்  ,high command,உச்ச ஆஜ்ஞாகார்,उच्च आजञाकार,ꢆꢗ꣄ꢗ ꢂꢙ꣄ꢛꢵꢒꢵꢬ꣄
மேற்கோள்  ,quotation,உத4ரணொ/ உல்லேஹனொ/அவதாரணொ/அவதாரித வாக்யு,"उधारणा॑, उल्लेहना॑, अवतारणा॑, अवतारित वाक्यु","ꢆꢣ꣄ꢤꢬꢠꣁ, ꢆꢭ꣄ꢭꢾꢲꢥꣁ, ꢂꢮꢡꢵꢬꢠꣁ, ꢂꢮꢡꢵꢬꢶꢡ ꢮꢵꢒ꣄ꢫꢸ"
மேற்படி  ,ditto,ததே3வ,तदेव,ꢡꢣꢾꢮ
மைய அரசு   ,Central Government,மத்4யஸர்கார்,मध्य सर्कार,ꢪꢤ꣄꣄ꢫ ꢱꢬ꣄ꢒꢵꢬ꣄
மொழிபெயர்ப்பாளர்   ,translator,அனுவாத3கொ/தர்ஜமொ கெர்னார்,"अनुवादका॑, तर्जमा॑ क॑र्नार","ꢂꢥꢸꢮꢵꢣꢒꣁ, ꢡꢬ꣄ꢙꢪꣁ ꢒꢾꢬ꣄ꢥꢵꢬ꣄"
யுத்தம்  ,war,யுத்3து4/ஜெ2டொ3 / மார்,"युद्धु, झ॑डा॑, मार","ꢫꢸꢣ꣄ꢤꢸ, ꢚꢾꢞꣁ, ꢪꢵꢬ꣄"
ராணி  ,queen,ரணி/ராணி,"रणि, राणि","ꢬꢠꢶ, ꢬꢵꢠꢶ"
ராணுவம்,army,பளொ/ஸேனொ,"पला॑, सेना॑","ꢦꢭꣁ, ꢱꢿꢥꣁ"
ராஜதுரோகி  ,traitor,ராஜது3ரோஹி,राज दुरोहि,ꢬꢵꢙ ꢣꢸꢬꣂꢲꢶ
ராஜா  ,king,ரஜொ/ராட்,"रजा॑, राट","ꢬꢙꣁ, ꢬꢵꢜ"
ராஜ்யசபை  ,upper house of the Parliament, ராஜ்ய ஸபொ4/ மேடு ஸபொ4,"राजयसभा॑,     मेटु सभा॑","ꢬꢵꢙꢫ ꢱꢩꣁ, ꢪꢾꢜꢸ ꢱꢩꣁ"
ராஜினாமா  ,resignation,ரஜினமொ,रजिनमा॑,ꢬꢙꢶꢥꢪꣁ
ராஷ்டிரபதி  ,president of the country,ராஷ்ட்ரபதி,राष्ट्रपति,ꢬꢵꢰ꣄ꢜ꣄ꢬꢦꢡꢶ
லஞ்சம்  ,bribe,மாமூல்/லெஞ்ஜம்,"मामूल्, लेञ्चम्","ꢪꢵꢪꢹꢭ꣄, ꢭꢾꢛ꣄ꢗꢪ꣄"
லோக்சபை  ,parliament,லோக்ஸபொ4,लोक सभा॑,ꢭꣁꢒ꣄ ꢱꢩꣁ
வங்கி  ,bank,வித்தகோஷ்,वित्तकोष,ꢮꢶꢡ꣄ꢡꢒꣁꢰ꣄
வசூல்  ,collection,ஹன்னவு ஸங்க்ரஹனொ/ வஸுல்,"हन्नवु सङ्क्रहना॑, वसुल","ꢲꢥ꣄ꢥꢮꢸ ꢱꢖ꣄ꢒ꣄ꢬꢲꢥꣁ , ꢮꢱꢸꢭ꣄"
வட்டம்  ,taluk,தாலுகா,तालूका,ꢡꢵꢭꢹꢒꢵ
வட்டாட்சியர்  ,tahsildar,தா3ஸில்தா3ர்,दासिल्दार,ꢣꢵꢱꢶꢭ꣄ꢣꢵꢬ꣄
வட்டாரம்  ,region,பிராந்த்யு,पिरान्त्यु,ꢦꢶꢬꢵꢥ꣄ꢡ꣄ꢫꢸ
வட்டாரமொழி  ,regional language,பிராந்த்ய பா4ஷொ,पिरान्तिय भाषा॑,ꢦꢶꢬꢵꢥ꣄ꢡꢶꢫ ꢩꢵꢰꣁ
வணிகம்  ,trade,பி4யார்/வாணிஜ்யொ,"भियार्, वाणिज्या॑","ꢩꢶꢫꢵꢬ꣄, ꢮꢵꢠꢶꢙ꣄ꢫꣁ"
வணிகவங்கி  ,commercial bank,பி4யாரு வித்த கோஷ்/ வணிக வித்த கோஷ்,"भियारु         वित्त कोष, वणिक वित्त कोष","ꢩꢶꢫꢵꢬꢸ ꢮꢶꢡ꣄ꢡ ꢒꣁꢰ꣄, ꢮꢠꢶꢒ ꢮꢶꢡ꣄ꢡ ꢒꣁꢰ꣄"
வணிகவரி  ,commercial tax,பி4யாருஸுல்கொ/ வணிகஸுல்கொ,"भियारुसुल्का॑, वणिक सुल्का॑","ꢩꢶꢫꢵꢬꢸ  ꢱꢸꢭ꣄ꢒꣁ, ꢮꢠꢶꢒ ꢱꢸꢭ꣄ꢒꣁ"
வதந்தி  ,rumour,கிம்வத3ந்தி/வத3ந்தி/ஜனஸ்ருதி,"किम्वदन्ति, वदन्ति, जनस्रुति","ꢒꢶꢪ꣄ꢮꢣꢥ꣄ꢡꢶ, ꢮꢣꢥ꣄ꢡꢶ, ꢙꢥꢱ꣄ꢬꢸꢡꢶ"
வர்த்தகம்  ,trade,ப்4யார்,भ्यार,ꢩ꣄ꢫꢵꢬ꣄
வரவு  ,credit,அவ்னி,अव्नि,ꢂꢮ꣄ꢥꢶ
வரி  ,tax,ஸுல்கொ/கரொ,"सुल्का॑, करा॑","ꢱꢸꢭ꣄ꢒꣁ, ꢒꢬꣁ"
வரிசை  ,rank,தொரண்/க்ரமொ/ஸ்ரேணி,"ता॑रण, क्रमा॑, स्रेणि","ꢡꣂꢬꢠ꣄, ꢒ꣄ꢬꢪꣁ, ꢱ꣄ꢬꢿꢠꢶ"
வரிவிதிப்பு  ,taxation,ஸுல்கநிர்ணயொ,सुल्कनिर्णया॑,ꢱꢸꢭ꣄ꢒꢥꢶꢬ꣄ꢠꢫꢸ
வருமானம்  ,income,உச்லாவ்/ஜொடு3ம்புல்,"उच्लाव, जा॑डुम्बुल","ꢆꢗ꣄ꢭꢵꢮ꣄, ꢙꣁꢞꢸꢪ꣄ꢨꢸꢭ꣄"
வருமான வரி   ,income tax,உச்லாவுஸுல்கொ/உச்லாவு கரொ,"उच्लावु सुल्का॑, उच्लावु करा॑","ꢆꢗ꣄ꢭꢵꢮꢸ ꢱꢸꢭ꣄ꢒꣁ, ꢆꢗ꣄ꢭꢵꢮꢸ ꢒꢬꣁ"
வருவாய்  ,revenue,ராஜ்ய ஆதா3யு,राज्य आदायु,ꢬꢵꢙ꣄ꢫ ꢃꢣꢵꢫꢸ
வரையறை  ,restrictions,ந்யந்த்ரணொ/ ப்ரதிப3ந்து4/ வகொ3தொகொ3,"न्यन्त्रणा॑, प्रतिबन्धु, वगा॑ता॑गा॑","ꢥ꣄ꢫꢥ꣄ꢡ꣄ꢬꢠꣁ, ꢦ꣄ꢬꢡꢶꢨꢥ꣄ꢤꢸ, ꢮꢔꣁꢡꣁꢔꣁ"
வரைவோலை/ வரைவு,draft,வித்த லேகு2          (Bank draft) /       ப்ராக் லேக2னொ (letter draft),"वित्त लेखु, प्राक लेखना॑","ꢮꢶꢡ꣄ꢡ ꢭꢿꢓꢸ, ꢦ꣄ꢬꢵꢒ꣄ ꢭꢾꢓꢥꣁ"
வல்லுநர்  ,expert,நிபுணொ,निपुणा॑,ꢥꢶꢦꢸꢠꣁ
வலஞ்சுழி  ,clockwise turn,ஜைன பி2ர்னி/ ப்ரத3க்ஷனொ,"जैन फिर्नि, प्रदक्षना॑","ꢙꣀꢥ ꢧꢶꢬ꣄ꢥꢶ, ꢦ꣄ꢬꢣꢒ꣄ꢰꢥꣁ"
வழக்கறிஞர்  ,lawyer,வக்கீல்,वक्कील्,ꢮꢒ꣄ꢒꢷꢭ꣄
வழக்காறு  ,usage,ரூடி4,रूढि,ꢬꢹꢟꢶ
வழிகாட்டி  ,guide,மார்க3த3ர்ஸி/வாட்தெ3க்கட்3ணார்,"मार्ग दर्सि,     वाट देक्कड्णार","ꢪꢵꢬ꣄ꢒꢣꢬ꣄ꢱꢶ, ꢮꢵꢜ꣄ ꢣꢾꢒ꣄ꢒꢞ꣄ꢠꢵꢬ꣄"
வழிமுறை  ,process,கெரன்வாட்,क॑रन्वाट्,ꢒꢾꢬꢥ꣄ꢮꢵꢜ꣄
வறட்சி  ,drought,து3கா3ள்,तुगाळ,ꢡꢸꢔꢵꢳ꣄
வறுமை  ,poverty,த3ரித்3ரதொ/தெ3ள்டி3ரிபன்,"दरिद्रता॑, द॑ल्डिरिपन","ꢣꢬꢶꢣ꣄ꢬꢡꣁ, ꢣꢾꢭ꣄ꢞꢶꢬꢶꢦꢥ꣄"
வன்முறை  ,violence,உக்3ரபன்,उग्रपन,ꢆꢔ꣄ꢬꢦꢥ꣄
வாக்காளர்  ,voter,வாக் தெ3னார்/ மத தா3தொ,"वाक् द॑नार, मतदाता॑","ꢮꢵꢒ꣄ ꢣꢾꢥꢵꢬ꣄, ꢪꢡꢣꢵꢡꣁ"
வாக்கு  ,vote,வோட்/மததா3ன்/ வாக்3தா3ன்,"वोट, मतदान, वाग्दान","ꢮꣂꢜ꣄, ꢪꢡꢣꢵꢥ꣄, ꢮꢵꢔ꣄ꢣꢵꢥ꣄"
வாக்குச்சீட்டு  ,ballot paper,வாகு பத்ரு,वाकु पत्रु,ꢮꢵꢒꢸ ꢦꢡ꣄ꢬꢸ
வாடகை  ,house rent,ப3ட்கெ,बट्क॑,ꢨꢜ꣄ꢒꢾ
வாதி  ,plaintiff,வாதி,वाति,ꢮꢵꢡꢶ
வாரிசு  ,heir,வார்ஸு/உத்ராதி4காரி,"वार्सु, उत्राधिकारि","ꢮꢵꢬ꣄ꢱꢸ, ꢆꢡ꣄ꢬꢵꢤꢶꢒꢵꢬꢶ"
வாரியம்  ,board/ corporation,ஸமிதி,समिति,ꢱꢪꢶꢡꢶ
விகிதம்  ,ratio,அனுபாத்,अनुपात,ꢂꢥꢸꢦꢵꢡ꣄
விசாரணை  ,enquiry,விசாரணொ,विचारणा॑,ꢸꢮꢶꢗꢵꢬꢠꣁ
விடுதலை  ,independence,ஸ்வாதந்த்ரு,स्वातन्त्रु,ꢱ꣄ꢮꢵꢡꢥ꣄ꢡ꣄ꢬꢸ
விடுப்பு  ,leave,ஸொட்3னி/ஸொட்3வார்,"सा॑ड्नि, सा॑ड्वार","ꢱꣁꢞ꣄ꢥꢶ, ꢱꣁꢞ꣄ꢮꢵꢬ꣄"
விடுமுறை,holiday,ஸோடி3,सोडि,ꢱꣂꢞꢶ
விபத்து  ,accident,விப3த்து,विपत्तु,ꢮꢶꢦꢡ꣄ꢡꢸ
விமானப்படை  ,air force,வாயுஸேனொ,वायुसेना॑,ꢮꢵꢫꢸꢱꢾꢥꣁ
விரிசல்  ,crack,பா2ட்3,फाड्,ꢧꢵꢞ꣄
வில்லை  ,badge,பி3ல்லொ,बिल्ला॑,ꢨꢶꢭ꣄ꢭꣁ
விலைபட்டியல்,price index,மோலுஜப்தொ/மோலு அட்டவனொ,"मोलुजप्ता॑, मोलु अट्टवना॑","ꢪꣁꢭꢸ ꢙꢦ꣄ꢡꣁ, ꢪꣁꢭꢸ ꢂꢜ꣄ꢜꢮꢥꣁ"
விவாதம் `,"discussion, debate",விவாத்3/ வாக்3விவாத்3,"विवाद, वाग्विवाद","ꢮꢶꢮꢵꢣ꣄, ꢮꢵꢔ꣄ꢮꢶꢮꢵꢣ꣄"
விழா  ,function,உத்ஸவ்/வைப4வ்,"उत्सव, वैभव","ꢆꢡ꣄ꢱꢮ꣄, ꢮꣀꢩꢮ꣄"
விழுக்காடு  ,percent,ப்ரதிஶத்/ப்ரதிஶோது,"प्रतिशत, प्रतिशा॑तु","ꢦ꣄ꢬꢡꢶꢯꢡ꣄, ꢦ꣄ꢬꢡꢶꢯꣁꢡꢸ"
விளம்பரம்  ,advertisement,விஜ்ஞாபனொ/ ப்ரகாஷனொ,"विजञापना॑, प्रकाषना॑","ꢮꢶꢙ꣄ꢛꢵꢦꢥꣁ, ꢦ꣄ꢬꢒꢵꢬꢰꢥꣁ"
விற்பனை வரி  ,sales tax,விக்கினி கரொ,विक्किनि करा॑,ꢮꢶꢒ꣄ꢒꢶꢥꢶ ꢒꢬꣁ
விகிதம்,rate,த3ரொ,दरा॑,ꢣꢬꣁ
வேட்பாளர்  ,candidate (for election),அபே4க்ஷகொ/,अभेक्षका॑,ꢂꢩꢾꢒ꣄ꢯꢒꣁ
வேட்பு  ,candidature,அபே4க்ஷு,अभेक्षु,ꢂꢩꢾꢒ꣄ꢰꢸ
வேலை நிறுத்தம்   ,strike,காம்ஹிப்3ப3ட்3ணி,काम्हिब्ट्णि,ꢒꢵꢪ꣄ ꢲꢶꢨ꣄ꢨꢜ꣄ꢠꢶ
வேளாண்மை  ,agriculture,க்ருஷி,क्रुषि,ꢒ꣄ꢬꢸꢰꢶ
வைப்புத்தொகை  ,fixed deposit, வின்யாஸ்,विन्यास,ꢮꢶꢥ꣄ꢫꢵꢱ꣄
வாக்கு,vote,வோட்/மததா3ன்/வாக்3தா3ன்,"वोट, मतदान, वाग्दान","ꢮꣂꢜ꣄, ꢪꢡꢣꢵꢥ꣄, ꢮꢵꢔ꣄ꢣꢵꢥ꣄"
ஜனநாயகம்  ,democracy,லோக தந்த்ரு/ப்ரஜா தந்த்ரு/ஜன தந்த்ரு,"लोक तन्त्रु, प्रजा तन्त्रु, जन तन्त्रु","ꢭꣁꢒ ꢡꢥ꣄ꢡ꣄ꢬꢸ, ꢦ꣄ꢬꢙꢵ ꢡꢥ꣄ꢡ꣄ꢬꢸ, ꢙꢥ ꢡꢥ꣄ꢡ꣄ꢬꢸ"
ஜனாதிபதி  ,president,ஜனாதி4பதி,जनादिपति,ꢙꢥꢵꢣꢶꢦꢡꢶ