Unnamed: 0,"42. Types, Qualities, Feelings, Concepts and Habits","கு3ண்ணுன், பா4வனான், ஸித்3தா4ந்துன் கினு ஜிவன்ரீதின் – எல்யக வகா3ன்","गुण्णुन, भावनान, सिद्धान किनु जिवन्रीतिन -एल्यक वगान","ꢔꢸꢠ꣄ꢠꢸꢥ꣄, ꢩꢵꢮꢥꢵꢥ꣄, ꢱꢶꢣ꣄ꢤꢵꢥ꣄ꢡꢸꢥ꣄ ꢒꢶꢥꢸ ꢙꢶꢮꢥ꣄ꢬꢷꢡꢶꢥ꣄ ꢌꢭ꣄ꢫꢒ ꢮꢔꢵꢥ꣄"
அகங்காரம்  ,proudness,கெ3ருவ்,ग॑रुव,ꢔꢾꢬꢸꢮ
அங்கலாய்ப்பு  ,lamenting,விசார்,विचार्,ꢮꢶꢗꢵꢬ꣄
அசடு  ,booby,ஹெட்3டெ3,ह॑ड्ड॑,ꢲꢾꢞ꣄ꢞꢾ
அசிங்கம்  ,ugly,அஸிங்க3ம்,असिङ्गम,ꢂꢱꢶꢖ꣄ꢔꢪ
அடக்கம்  ,"modesty, obedience",விநயொ,विनया॑,ꢮꢶꢥꢫꣁ
அடங்காப்பிடாரி   ,termagant,"ப4ஜாரின், லவ்ண்டி3","भजारिन्, लव्ण्डि","ꢩꢙꢵꢬꢶꢥ꣄, ꢭꢮ꣄ꢠ꣄ꢞꢶ"
அடங்காப்பிடாரித்தனம்   ,termagancy,ப4ஜாரிபன்,भाजारिपन,ꢩꢵꢙꢵꢬꢶꢦꢥ꣄
அடிமை  ,slave,"தா3ஸ், தா3ஸி","दास्, दासि","ꢣꢵꢱ꣄, ꢣꢵꢱꢶ"
அடிமைத்தனம்  ,slavery,தா3ஸப்பன்,दासप्पन्,ꢣꢵꢱꢦ꣄ꢦꢥ꣄
அதிகாரம்  ,power,அதி4கார்,अधिकार्,ꢂꢤꢶꢒꢵꢬ꣄
அதிசயம்  ,surprise,ஆச்சர்யொ,आच्चया॑,ꢃꢗ꣄ꢗꢬ꣄ꢫꣁ
அதிருப்தி  ,dissatisfaction,அதிருப்தி,अतिरुप्ति,ꢂꢡꢶꢬꢸꢦ꣄ꢡꢶ
அதிர்ஷ்டம்  ,luck,அது3ஷ்டு,अदुष्टु,ꢂꢣꢸꢰ꣄ꢜꢸ
அந்தஸ்து  ,status,அந்த3ஸ்து,अन्दस्तु,ꢂꢥ꣄ꢣꢱ꣄ꢡꢸ
அப்பாவி  ,simpleton,"தே3வுபா3ப், தம்மாடி3/அப்ராணி","देवुबाप्, तम्माडि, अप्राणि","ꢣꢾꢮꢸꢨꢵꢦ꣄, ꢡꢪ꣄ꢪꢵꢞꢶ, ꢂꢦ꣄ꢬꢵꢠꢶ"
அபத்தம்  ,absurdity,"அனர்து2வத்தொ, மிதன்வத்தொ","अन्र्थुवत्तो, मितन्वत्तो","ꢂꢥꢬ꣄ꢢꢸꢮꢡ꣄ꢡꣁ, ꢪꢶꢡꢥ꣄ꢮꢡ꣄ꢡꣁ"
அபிநயம்  ,sign (in dance),முத்3ரொ,मुद्रा॑,ꢪꢸꢣ꣄ꢬꣁ
அபிமானம்  ,"Regard,love",அபி4மான்,अभिमान,ꢂꢩꢶꢪꢵꢥ꣄
அமைதி  ,peace,ஶாந்தி,शान्ति,ꢯꢵꢥ꣄ꢡꢶ
,,ஆயாஸம்,आयासम्,ꢃꢫꢵꢱꢪ꣄
அயர்வு/ அயர்ச்சி  ,tiredness,ஸீன்,सीन्,ꢱꢷꢥ꣄
அருள்  ,grace,க்ருபொ,कृपा॑,ꢒꢺꢬꢸꢦꣁ
அலங்காரம்  ,"beautification, decoration",அலங்கார்,अलङ्कार्,ꢂꢭꢖ꣄ꢒꢵꢬ꣄
அலட்சியம்  ,indifference,உதா3ஸீன்,उदासीन,ꢆꢣꢵꢱꢷꢥ꣄
அலறல்  ,screaming,ப4வாட்,भवाट्,ꢩꢮꢵꢜ꣄
அலைச்சல்  ,wandering,ஹிண்ட3ஸ்தே,हिण्डस्ते,ꢲꢶꢠ꣄ꢞꢱ꣄ꢡꢿ
அவநம்பிக்கை  ,disbelief,அவிஸ்வாஸ்,अविस्वास्,ꢂꢮꢶꢱ꣄ꢮꢵꢱ꣄
அவமானம்  ,disgrace,களங்கு3,कळङ्गु,ꢒꢳꢖ꣄ꢔꢸ
அழகன்  ,handsome man,ஸுந்த3ரொ,सुन्दरा॑,ꢱꢸꢥ꣄ꢣꢬꣁ
அழகி  ,beautiful woman,ஸுந்த3ரி,सुन्दरि,ꢱꢸꢥ꣄ꢣꢬꢶ
அழகு  ,beauty,ஸிங்கா3ர்,सिङ्गार्,ꢱꢸꢖ꣄ꢔꢵꢬ꣄
அழிவு  ,destruction,நாஸ்/  நஸாத் / நஸினம்,"नास्,नसात / नसिनम","ꢥꢵꢱ꣄, ꢥꢱꢵꢡ꣄ / ꢥꢱꢶꢥꢪ꣄"
அழைப்பிதழ்  ,invitation,பொ3வ்னி பத்ரிகொ,ब॑व्निपत्रिका॑,ꢨꣁꢮ꣄ꢥꢶ ꢦꢡ꣄ꢬꢶꢒꣁ
அற்புதம்  ,wonder,ஆச்சர்யு,आच्चरयु,ꢃꢗ꣄ꢗꢬ꣄ꢫꢸ
அறிஞர்  ,scholar,"வித்3வான், பண்டி3த்","विद्वान, पण्डित","ꢮꢶꢣ꣄ꢮꢵꢥ꣄, ꢦꢠ꣄ꢞꢶꢡ꣄"
அறிமுகம்  ,introduction,பரிசய்,पर्चय ,ꢦꢬꢶꢗꢫ꣄
அறியாமை  ,ignorance,அக்ஞான்,अकञान् ,ꢂꢒ꣄ꢛꢵꢥ꣄
அறிவாளி  ,wise person,ஞானி,ञानि,ꢛꢵꢥꢶ
அறிவிலி  ,ignorant,அஜ்ஞானி,अजञानि,ꢂꢙ꣄ꢛꢵꢥꢶ
அறிவின்மை  ,ignorance,அஜ்ஞான்,अजञान्,ꢂꢙ꣄꣄ꢛꢵꢥ꣄
அறிவு  ,knowledge,ஞான்,ञान्,ꢛꢵꢥ꣄
அன்பு  ,affection,பிரேவ்,पिरेव,ꢦꢶꢬꢿꢮ
அனுசரணை  ,support,ஆத3ரொ,आदरा॑,ꢃꢣꢬꣁ
அனுமதி  ,permission,அனுமதி,अनुमति,ꢂꢥꢸꢪꢡꢶ
அனுமானம்,opinion,ஹட்வன்,हट्वन्,ꢲꢜ꣄ꢮꢥ꣄
ஆக்கிரமிப்பு  ,aggression,ஆக்ரமணொ,आक्रमणा॑,ꢃꢒ꣄ꢬꢪꢠꣁ
ஆச்சரியம்  ,surprise,ஆசசர்யு,आच्चर्यु,ꢃꢗ꣄ꢗꢬ꣄ꢫꢸ
ஆசீர்வாதம்  ,blessing,ஆஸிர்வாத்3,आस्र्वाद,ꢃꢱꢶꢬ꣄ꢮꢵꢣ꣄
ஆசை  ,desire,"இச்சொ, ஆஸ்தொ","इच्चा॑, आस्ता॑","ꢄꢗ꣄ꢗꣁ, ꢃꢱ꣄ꢡꣁ"
ஆட்சேபனை  ,protest,ஆட்ஷேபணொ,आट्षेपणा॑,ꢃꢜ꣄ꢰꢿꢦꢠꣁ
,,ஸுந்தரொ,सुन्दरा॑,ꢱꢸꢥ꣄ꢣꢬꣁ
ஆதரவு  ,support,ஆத4ரொ,आधरा॑,ꢃꢤꢬꣁ
ஆதாயம்  ,profit,லாப்3,लाब,ꢭꢵꢨ꣄
ஆதிக்கம்  ,"impact, influence",ஆதி4க்யொ,आदिक्या॑,ꢃꢤꢶꢒ꣄ꢫꣁ
ஆர்வம்  ,"curiosity, interest",குதூஹல்,कुतूहल,ꢒꢸꢡꢹꢲꢭ꣄
ஆரம்பம்  ,beginning,ஹரும்ப3ம்,हरुम्बम्,ꢲꢬꢸꢪ꣄ꢨꢪ꣄
ஆரவாரம்  ,uproar,ரெச்சகூத்,र॑च्चकूत्,ꢬꢾꢗ꣄ꢗꢒꢹꢡ꣄
ஆரோக்கியம்  ,health,ஆரோக்3யு,आरोग्यु,ꢃꢬꣂꢔ꣄ꢫꢸ
ஆற்றல்  ,"strength, skill, ability",ஸமர்து/பொ3லிம்,"समर्तु, बा॑लिम","ꢱꢪꢬ꣄ꢡꢸ, ꢨꣁꢭꢶꢪ꣄"
ஆனந்தம்  ,"merriment, enjoyment",ஆனந்து3,आनन्दु,ꢃꢥ꣄ꢥꢥ꣄ꢣꢸ
இகழ்ச்சி  ,mockery,கே2ளுவத்தொ,खेळुवत्ता॑,ꢓꢿꢳꢸꢮꢡ꣄ꢡꣁ
இச்சை  ,desire,இச்சொ2,इच्छा॑,ꢄꢗ꣄ꢘꣁ
,,ஒப்பி,ओप्पि,ꢏꢦ꣄ꢦꢶ
இணக்கம்  ,acceptance,ஒப்பஸ்தே,आ॑प्पस्ते,ꢏꢦ꣄ꢦꢱ꣄ꢡꢿ
இயல்பு  ,nature,ஸ்வபா4வ்,स्वभाव,ꢱ꣄ꢮꢩꢵꢮ꣄
இரக்கம்  ,"pity, kindness",கருணொ,करुणा॑,ꢒꢬꢸꢠꣁ
இரசனை  ,taste,ருச்சி,रुच्चि,ꢬꢸꢗ꣄ꢗꢶ
இரைச்சல்  ,noise,ரெச்சொ,र॑च्चा॑,ꢬꢾꢗ꣄ꢗꣁ
இல்லறம்  ,family life,கே4ருதெ4ரும்,घेरु धेरुम,ꢕꢾꢬꢸ ꢤꢾꢬꢸꢪ꣄
இலட்சியவாதி  ,man of principle,லக்ஷ்யவாதி3,लक्ष्यवादि,ꢭꢒ꣄ꢰ꣄ꢫꢮꢵꢣꢶ
இழப்பு  ,loss,நெஷ்டி,न॑ष्टि,ꢥꢾꢰ꣄ꢜꢶ
இளிப்பு  ,laughter (grin),ஹெட்3டெ3ஹஸொ,ह॑ट्ट॑हसा॑,ꢲꢾꢜ꣄ꢜꢾ ꢲꢱꣁ
இறுமாப்பு  ,arrogance,கெ3ருவ்,ग॑रुव,ꢔꢾꢬꢸꢮ꣄
இன்பம்  ,pleasure,ஸொம்பு,सा॑म्पु,ꢱꣁꢪ꣄ꢦꢸ
இனிப்பு  ,sweetness,கு3ள்ளெ,गुळ्ळ॑,ꢔꢸꢭ꣄ꢭꢾ
இஷ்டம்  ,"desire, liking",ஒப்பயெயொ,आ॑प्पय॑या॑,ꢏꢦ꣄ꢦꢫꢾꢫꣁ
உண்மை  ,truth,நிஜ்ஜம்/ஸெத்து,"निज्जम्, स॑त्तु","ꢥꢶꢙ꣄ꢙꢪ꣄, ꢱꢾꢡ꣄ꢡꢸ"
உணர்ச்சி/உணர்வு  ,feeling,லகி3னி/பா4வனொ,"लगिनि, भावना॑","ꢭꢔꢶꢥꢶ, ꢩꢵꢮꢥꣁ"
உதவி/ உபகாரம்,help,ஸஹாவ்/ உபகார்,"सहाव, उपकार","ꢱꢲꢵꢮ꣄, ꢆꢦꢒꢵꢬ꣄"
உபகாரி  ,helper,உபகாரி,उपकारि,ꢆꢦꢒꢵꢬꢶ
உழைப்பு  ,hardwork,ஸிரமொ,सिरमा॑,ꢱꢶꢬꢪꣁ
உற்சாகம்  ,enthusiasm,உத்ஸாஹ்,उत्साह्,ꢆꢡ꣄ꢱꢵꢲ꣄
உறக்கம்  ,sleep,நீஞ்ஜு/ஹோங்கு3,"निञ्जि, होङ्गु","ꢥꢷꢛ꣄ꢙꢸ, ꢲꣂꢖ꣄ꢔꢸ"
உறுத்தல் / சொரி ,itching,கா2ஸ்,खास्,ꢓꢵꢱ꣄
ஊகம்  ,guessing,அனுமான்,अनुमान्,ꢂꢥꢸꢪꢵꢥ꣄
ஊடல்  ,petty quarrel between husband and wife,ரூஸ்,रूस्,ꢬꢹꢱ꣄
ஊதாரி  ,prodigal,ஊதா3ரி,ऊदारि,ꢇꢣꢵꢬꢶ
உபசரிப்பு  ,hospitality,பொ2வ்னபன்/  க3ம்சினி,"पा॑व्नपन, गम्चिनि","ꢧꣁꢮ꣄ꢥꢦꢥ꣄, ꢔꢪ꣄ꢗꢶꢥꢶ"
உபத்திரவம்  ,trouble,கெஷ்டம்/உத்3த3ம்,"क॑ष्टम, उद्दम","ꢒꢾꢰ꣄ꢜꢪ꣄, ꢆꢣ꣄ꢣꢪ꣄"
உவர்ப்பு  ,saltish taste,கெ2ருட்,ख॑रुट्,ꢓꢾꢬꢸꢜ꣄
உழைப்பாளி  ,hardworker,ஸிரத்3தா4  காம்கெர்தொ,स्रद्धा काम्क॑र्ता॑,ꢱꢶꢬꢣ꣄ꢤꢵ ꢒꢵꢪ꣄ꢒꢾꢬ꣄ꢡꣁ
எக்களிப்பு  ,chuckling,கே3லி,गेलि,ꢔꢿꢭꢶ
எச்சரிக்கை  ,warning,ஜாக்3ரதி,जाग्रति,ꢙꢵꢔ꣄ꢬꢡꢶ
எண்ணம்  ,thought,ஹட்வன்/ சிந்தனொ,"हट्वन, चिन्तना॑","ꢲꢜ꣄ꢮꢥ꣄, ꣄ꢗꢶꢥ꣄ꢡꢥꣁ"
எதிர்ப்பு  ,"opposition, resistance",எது3ர்ஞ்சினி/ வெது3ர்ஞ்சினி,"एदुरञ्चिनि, वेदुरञ्चिनि","ꢮꢾꢣꢸꢬ꣄ꢛ꣄ꢗꢶꢥꢶ, ꣄ꢮꢾꢣꢸꢬ꣄ꢛ꣄ꢗꢶꢥꢶ "
எரிச்சல்  ,irritation,ஜாள்,जाळ,ꢙꢵꢳ꣄
எரிப்பு  ,hot taste,திக்கெ,तिक्क॑,ꢡꢶꢒ꣄ꢒꢾ
எழில்  ,beauty,ஸ்ருங்கா3ர்,सृङ्कार्,ꢱꢺꢖ꣄ꢒꢵꢬ꣄
எளிது  ,easiness,லெ:கு3வ் / சுலப்3,ल्ह॑गुव / चुल्ब्,ꢭꢴꢾꢔꢸꢮ꣄ / ꢗꢸꢭꢨ꣄
எளிமை  ,simplicity,ஸௌஜன்யம்,सौजन्यम,ꢱꣃꢙꢥ꣄ꢫꢪ꣄
ஏக்கம்  ,longing,ஸொவ்லெ/வெகுல்,च॓व्ल॑ / व॑कुल,ꢱꣁꢮ꣄ꢭꢾ / ꢮꢾꢒꢸꢭ꣄
ஏச்சு  ,scolding,கா3ள்,गाल्,ꢔꢵꢭ꣄
ஏமாற்று,dupe,ஹுங்கா3ட்3,हङ्गाड,ꢲꢸꢖ꣄ꢔꢵꢞ꣄
ஏமாற்றுதல்,duping,ஹுங்க3ட்3ணி/ எட்3சட்ணி / ஹுங்கடத்தெ,"हुङ्गड्णि, एड्चट्णि, हुङ्कटत्त॑","ꢲꢸꢖ꣄ꢔꢞ꣄ꢠꢶ, ꢌꢞ꣄ꢗꢜ꣄ꢠꢶ, ꢲꢸꢖ꣄ꢒꢜꢡ꣄ꢡꢾ"
ஏமாற்றம்  ,disappointment,ஹுங்க3ட்3,हुङ्गड,ꢲꢸꢖ꣄ꢔꢞ꣄
ஏய்ப்பு  ,cheating,எட்சட்3ணி,एट्चड्नि,ꢌꢜ꣄ꢗꢞ꣄ꢠꢶ
ஏற்பாடு  ,arrangement,தயார்,तयार्,ꢡꢫꢵꢬ꣄
ஐயம்  ,doubt,ஸெந்தே3வ்,स॑न्देव,ꢱꢾꢥ꣄ꢣꢿꢮ꣄
ஒடுக்கம்  ,narrowness,ஒட்கம்,आ॑ट्कम,ꢏꢜ꣄ꢒꢪ꣄
ஒய்யாரம்  ,foppishness,மெர்சன்,म॑र्चन,ꢪꢾꢬ꣄ꢗꢥ꣄
ஒய்யாரி  ,foppish girl,மெர்சுலன் நாரி,म॑र्चुलन नारि,ꢪꢾꢬ꣄ꢗꢸꢭꢥ꣄ ꢥꢵꢬꢶ
ஒற்றுமை  ,unity,யோக்தொ,योक्त्ता॑,ꢫꣁꢒ꣄ꢡꣁ
ஓய்வு  ,"rest, retirement",விஷ்ராந்தி/நிவ்ருதி,"विष्रान्ति, निवृति","ꢮꢶꢰ꣄ꢬꢵꢥ꣄ꢡꢶ, ꢥꢶꢮꢺꢡꢶ"
ஓய்வூதியம்,pension,நிவ்ருதி வேதனொ,निवृति वेतना॑,ꢥꢶꢮꢺꢡꢶ ꢮꢾꢡꢥꣁ
ஓர்மை  ,uniformity,ஸமரூப்,समरूप,ꢱꢪꢬꢹꢦ꣄
கச்சிதம்  ,perfection,ஸெர்கராஸ்தே/ஸெர்கர:ணி,"स॑र्क र्हस्ते, स॑र्क र्हणि","ꢱꢾꢬ꣄ꢒ ꢬꢴꢱ꣄ꢡꢾ, ꢱꢾꢬ꣄ꢒ ꢬꢴꢠꢶ"
கசப்பு  ,bitter taste,கொடுக்,का॑टुक,ꢒꣁꢜꢸꢒ꣄
கஞ்சத்தனம்  ,"miserliness, stinginess",லோபு4,लोभु,ꢭꣂꢩꢸ
கஞ்சன்  ,miser,லோபி4,लोभि,ꢭꣁꢩꢶ
கட்டுப்பாடு  ,discipline,அனுஶாஸனொ,अनुसाना॑,ꢂꢥꢸꢱꢵꢱꢥꣁ
கடப்பாடு  / கடமை,indebtedness,"கர்தவ், கர்த்தவயம்","कर्तव, कत्तव्तम","ꢒꢬ꣄ꢡꢮ꣄, ꢒꢬ꣄ꢡ꣄ꢡꢮ꣄ꢫꢪ꣄"
கடினம்  ,hard,கெ2டி3ன்,ख॑डिन,ꢓꢾꢞꢶꢥ꣄
கடுமை  ,"harshness, hardness",கடூ3ஸ்,क्डूस,ꢒꢞꢹꢱ꣄
கண்டிப்பு  ,Strictness /chide,கண்டி3ப்/கடோ2ர்,"क्ण्डिप, कठोर","ꢒꢠ꣄ꢞꢶꢦ꣄, ꢒꢝꣂꢬ꣄"
கண்ணியம்  ,"decency, dignity",க3வ்ரவ்,गव्रव,ꢔꢮ꣄ꢬꢮ꣄
கபடதாரி  ,hypocrite,ஆஸாட3பூ4தி,आसादभूति,ꢃꢱꢵꢣꢩꢹꢡꢶ
கபடன்,cheater,கொதடெ,का॑तट॑,ꢒꣁꢦꢜꢾ
கம்பீரம்  ,majestic bearing,க3ம்பீ3ர்,कम्बीर्,ꢒꢪꢨꢷꢬ꣄
கருணை  ,"grace, mercy",க்ருபொ,कृपा॑,ꢒꢺꢦꣁ
கவர்ச்சி  ,attraction,ஆகர்ஷணொ,आकषणा॑,ꢃꢒꢬ꣄ꢰꢠꣁ
கவனம்  / கவனிப்பு  ,"attention, care",த்4யான்/க3ம்சினி/ அவதா4ன்,"ध्यान, गम्चिनि, अवधान","ꢤ꣄ꢫꢵꢥ꣄, ꢔꢪ꣄ꢗꢶꢥꢶ, ꢂꢮꢤꢵꢥ꣄"
கள்ளத்தனம்  ,falsehood,சொட்3ட3பன்,चा॑ड्डपन,ꢗꣁꢞ꣄ꢞꢦꢥ꣄
கள்ளம்  ,theft,சொட்3ட3பன்/ சோர்,"चा॑ड्डपन, चोर","ꢗꣁꢞ꣄ꢞꢦꢥ꣄, ꢗꣂꢬ꣄"
கள்ளன்  ,thief (m),சொட்3டொ3/ சோர்,"चा॑ड्डा॑, चोर","ꢗꣁꢞ꣄ꢞꣁ, ꢗꣂꢬ꣄"
கள்ளி  ,thief (f),சொட்3டி3,चा॑ड्डि,ꢗꣁꢞ꣄ꢞꢶ
களங்கம்  ,stain,கல்மஸொ/மலினொ,"कल्मसा॑, मलिना॑","ꢒꢭ꣄ꢪꢱꣁ, ꢪꢭꢶꢥꣁ"
களைப்பு  ,tiredness,ஶீன்,शीन्,ꢯꢷꢥ꣄
கனிவு  ,"pity, mercy",த3யொ,दया॑,ꢣꢫꣁ
கஷ்டம்  ,"difficulty, suffering",பா3தொ4 ,बाधा॑,ꢨꢵꢤꣁ
காட்டுமிராண்டி   ,barbarian,மிலேச்சொ/வனசரொ,"मिलेच्चा॑,वनचरा॑","ꢪꢶꢭꢿꢗ꣄ꢗꣁ, ꢮꢥꢗꢬꣁ"
காதல்  ,love,ப்ரேம்/ப்ரேவ்,"प्रेम, प्रेव","ꢦ꣄ꢬꢾꢪ꣄, ꢦ꣄ꢬꢾꢮ꣄"
காதலன்  ,lover (m),ப்ரியதமொ,प्रियतमा॑,ꢦ꣄ꢬꢶꢫꢡꢪꣁ
காதலி  ,lover (f),ப்ரேமிகொ/ப்ரியொ,"प्रेमिका॑, प्रिया॑","ꢦ꣄ꢬꢾꢪꢶꢒꣁ, ꢦ꣄ꢬꢶꢫꣁ"
காமம்  ,lust,காமம்,कामम,ꢒꢵꢪꢪ꣄
கார்ப்பு  ,hot taste,திக்கெ,तिक्क॑,ꢡꢶꢒ꣄ꢒꢾ
கிண்டல்  ,"ridicule, mockery",கே3லி/உபஹாஸ்,"गेलि, उपहास","ꢔꢾꢭꢶ, ꢆꢦꢲꢵꢱ꣄"
குசும்பன்  ,mischievous man,குஸும்பு3 கெரஸ்தெனொ,क्सुम्बुक॑रस्त॑ना॑,ꢒꢸꢱꢸꢪ꣄ꢨꢸ ꢒꢾꢬꢱ꣄ꢡꢾꢥꣁ
குசும்பு  ,mischief,குஸும்பு3/ சேஷ்டொ,"कुसुम्बु, चेष्टा॑","ꢒꢸꢱꢸꢪ꣄ꢨꢸ, ꢗꢾꢰ꣄ꢜꣁ"
குடிகாரன்  ,drunkard,ஸெராபி3/            பனி பொ3ண்டி3,"सेराबि,        पनि बोण्डि","ꢱꢾꢬꢵꢨꢶ,         ꢦꢥꢶ ꢨꣁꢠ꣄ꢞꢶ"
குணம்  ,character,கு3ண்ணு,कुण्णु,ꢒꢸꢠ꣄ꢠꢸ
குதூகலம்,"merry, happiness",குதூஹல்/ஸொந்தோஷ்,"कुदूहल, सा॑न्तोष","ꢒꢸꢣꢹꢲꢭ꣄, ꢱꣁꢥ꣄ꢡꣂꢰ꣄"
குளிர்ச்சி  ,chillness,ஸிள்ளொ,सिळ्ळा॑,ꢱꢶꢳ꣄ꢳꣁ
குற்றவுணர்வு  ,guilty consciousness,அப்ராது4 பா4வ்/  சூகு பா4வ்,"अप्राधुभाव, चूकुभाव","ꢂꢦ꣄ꢬꢵꢤꢸꢩꢵꢮ꣄, ꢗꢹꢒꢸ ꢩꢵꢮ꣄"
கூச்சம்  ,shyness,லாஜ்/லாஜு/லஜ்ஜொ,"लाज, लाजु, लज्जा॑","ꢭꢵꢙ꣄, ꢭꢵꢱꢸ, ꢭꢙ꣄ꢙꣁ"
கெஞ்சல்  ,Pleading/ entreating,ப்ரார்த2னொ/ப்ரேவ்கன் மெல்லினி,"प्रार्थना॑, प्रेव्कन म॑ल्लिन","ꢦ꣄ꢬꢵꢬ꣄ꢢꢥꣁ, ꢦ꣄ꢬꢾꢮ꣄ꢒꢥ꣄ ꢪꢾꢭ꣄ꢭꢶꢥꢶ"
கையூட்டு  ,bribe,லெஞ்ஜம்/ உத்கோச்,"लेञ्जम, उत्कोच","ꢭꢾꢛ꣄ꢙꢪ꣄, ꢆꢡ꣄ꢒꣁꢗ꣄"
கொஞ்சல்  ,Fondtalk/cooing,ப்ரேவுவதி3னி / நி:னாவு வத்தொ/ மயாலு வத்தொ,"प्रेवुवदिनि, निनावु वत्ता॑, मयालु वत्ता॑","ꢦ꣄ꢬꢾꢮꢸꢪꢣꢶꢥꢶ, ꢥꢶꢥꢵꢮꢸ ꢮꢡ꣄ꢡꣁ, ꢪꢫꢵꢭꢸ ꢮꢡ꣄ꢡꣁ"
கொதி  ,boil,தாப்/ கே2ட்,"ताप, खेट","ꢡꢵꢦ꣄, ꢓꢾꢜ꣄"
கொள்ளை  ,decoity,சூட்3ஹனஸ்தே,चूडहनस्ते,ꢗꢹꢞ꣄ꢲꢥꢱ꣄ꢡꢾ
கோமாளி  ,"clown, buffoon",விதூ3ஷகொ,विदूषका॑,ꢮꢶꢣꢹꢰꢒꣁ
கோமாளித்தனம்  ,buffoonery,விதூ3ஷகபன்,विदूषकपन,ꢮꢶꢣꢹꢰꢒꢦꢥ꣄
கோபம்  ,anger,ராக்,राक्,ꢬꢵꢒ꣄
கோழை  ,coward,த4க்கிலெ,धक्किल॑,ꢤꢒ꣄ꢒꢶꢭꢾ
கோழைத்தனம்  ,cowardice,தா4குபன்,धाकुपन,ꢤꢵꢒ꣄ꢸꢦꢥ꣄
கெளரவம்  ,prestige,கெ4னம்/ க3வ்ர்தொ,"ख॑नम्, गव्र्ता॑","ꢕꢾꢥꢪ꣄, ꢔꢮ꣄ꢬ꣄ꢡꣁ"
சக்தி  ,strength,பொ3லிம்/ ஶக்தி,"बोलिम, शक्ति","ꢨꣁꢭꢶꢪ꣄, ꢯꢒ꣄ꢡꢶ"
சகாயம்  ,help,ஸஹாவ்,सहाव,ꢱꢲꢵꢮ꣄
சகிப்பு  / சகிப்புத்தன்மை,tolerance,"ஸஹனொ, பொந்துல்னி","सहना॑, पा॑न्तुल्नि","ꢱꢲꢥꣁ, ꢦꣁꢥ꣄ꢣꢸꢭ꣄ꢥꢶ"
சகோரத்துவம்  ,brotherhood,ப4ய்பெ4ய்னெனு பா4வனொ,भय्भ॑न॑नु भावना॑,ꢩꢫ꣄ꢩꢾꢫ꣄ꢥꢾꢥꢸ ꢩꢵꢮꢥꣁ
சங்கடம்  ,sorrow,பா3தொ4,बाधा॑,ꢨꢵꢤꣁ
சச்சரவு  ,petty quarrel,வாது3 வத்தொ/ ந:ன்ஜெ2டொ3,"वादु वत्ता॑, नन्झ॑डा॑","ꢮꢵꢣꢸ ꢮꢡ꣄ꢡꣁ, ꢥꢥ꣄ꢚꢾꢞꣁ"
சண்டை  ,quarrel,ஜெ2டொ3,झ॑डा॑,ꢚꢾꢞꣁ
சண்டைக்காரன்  ,quarrelsome man,ஜெ2டை3த்,झेडैत,ꢚꢾꢞꣀꢡ꣄
சண்டைக்காரி  ,quarrelsome woman,ஜெ2டை3தின்,झ॑डैतिन,ꢚꢾꢞꣀꢡꢶꢥ꣄
சதி  ,conspiracy,து3ர்யோசனொ/ ஸட்3யந்த்ரு,"दुर्योचना॑, सड्यन्त्रु","ꢣꢸꢬ꣄ꢫꣁꢗꢥꣁ, ꢱꢞ꣄ꢫꢥ꣄ꢡ꣄ꢬꢸ"
சந்தர்ப்பவாதி  ,opportunist,ஸந்த3ர்ப4வாதி3,सन्दर्भवादि,ꢱꢥ꣄ꢣꢬ꣄ꢩꢮꢵꢣꢶ
சந்தேகம்  ,doubt,ஸெந்தே3வ்,सेन्देव,ꢱꢾꢥ꣄ꢣꢾꢮ꣄
,,ஸொந்தோ3ஷ்,स॑न्तोष्,ꢱꣁꢥ꣄ꢣꣂꢰ꣄
சம்மதம்  ,acceptance,ஸம்மத்/ஒப்பில்னி/ ஸஹமதி,"सम्मत्, आ॑प्पिल्नि, सहमति","ꢱꢪ꣄ꢪꢡ꣄, ꢏꢦ꣄ꢦꢶꢭ꣄ꢥꢶ, ꢱꢲꢪꢡꢶ"
சமத்துவம்  ,equality,ஸமானுபன்,समानुपन,ꢱꢪꢵꢥꢸꢦꢥ꣄
சமரசம்  ,compromise,ராஜி/ஓர்பு,"राजि, ओर्पु","ꢬꢵꢙꢶ, ꢏꢬ꣄ꢦꢸ"
சரசம்  ,tact,ஸரஸ்/கார்ய குஷலதொ,"सरस, कार्य कुषलता॑","ꢱꢬꢱ꣄, ꢒꢵꢬ꣄ꢫ ꢒꢸꢰꢭꢡꣁ"
சலிப்பு  ,boredom,விஸி/விரஸதொ,"विसि, विरसता॑","ꢮꢶꢱꢶ, ꢮꢶꢬꢱꢡꣁ"
சாத்தியம்  ,possibility,ஸாத்4யு,साध्यु,ꢱꢵꢤ꣄ꢫꢸ
சாது  ,calm person,ஸாது4,साधु,ꢱꢵꢤꢸ
சாந்தம்  ,quietness,ஶாந்து,शान्तु,ꢯꢵꢥ꣄ꢡꢸ
சாந்தி  ,peace,ஶாந்தி,शान्ति,ꢯꢵꢥ꣄ꢡꢶ
சிக்கல்  ,Tangle/mess,ப்ரச்சனொ/பு3ஸ்கொ/பிளொ,"प्रच्चना॑, बुस्का॑, पिला॑","ꢦ꣄ꢬꢗ꣄ꢗꢥꣁ, ꢨꢸꢱ꣄ꢒꣁ, ꢦꢶꢭꣁ"
சிந்தனை  ,thought,சிந்தனொ/யோசனொ,"चिन्तना॑, योचना॑","ꢗꢶꢥ꣄ꢡꢥꣁ, ꢫꣂꢗꢥꣁ"
சிந்தை,thought,சிந்த,चिन्त,ꢗꢶꢥ꣄ꢡ
சிரிப்பு  ,laughter,ஹஸினி,हसिनि,ꢲꢱꢶꢥꢶ
சினேகம்  ,friendship,ஸிங்க3தி3பன்/ ஸெங்க3தி3பன்,"सिङ्गतिपन, सेङ्गदिपन","ꢱꢶꢖ꣄ꢔꢡꢶꢦꢥ꣄, ꢱꢾꢖ꣄ꢔꢣꢶꢦꢥ꣄"
சினேகிதன்  ,friend (m),ஸிங்க3தி/ ஸெங்கை3த்/ இஷ்டுட்,"सिङ्गति, स॑ङ्गैत,         इष्टुट","ꢱꢶꢖ꣄ꢔꢡꢶ, ꢱꢾꢖ꣄ꢔꣀꢡ꣄, ꢄꢰ꣄ꢜꢸꢜ꣄"
சினேகிதி  ,friend (f),ஸிங்க3தி,सिङ्गति,ꢱꢶꢖ꣄ꢔꢡꢶ
சுந்தரம்  ,beauty,ஸிங்கா3ர்,सिङ्गार्,ꢱꢶꢖ꣄ꢒꢔꢵꢬ꣄
சுபாவம்  ,"nature, character",ஸ்வபா4வ்,स्वभाव,ꢱ꣄ꢮꢩꢵꢮ꣄
சுமை  ,burden,பா4ர்,भार,ꢩꢵꢬ
சுயமரியாதை  ,self-respect,ஸ்வயகௌ3ரவ்,स्वयकौरव,ꢱꢮꢫꢒꣃꢬꢮ꣄
சுரணை  ,sensitivity,ஸொரணொ/ ஸ்பர்ஶ சேதனொ,"सा॑रणा॑, स्पर्श चेतनो","ꢱꣁꢬꢠꣁ, ꢱ꣄ꢦꢬ꣄ꢯ ꢗꢾꢡꢥꣁ"
சுவை  ,taste,ருச்சி,रुच्चि,ꢬꢸꢗ꣄ꢗꢶ
சுறுசுறுப்பு / சமர்து,Briskness/ smartness,த்வரிது பா4வ்/ வேகு3 கெர்னி/ஸமர்து,"त्वरितु भाव, वेगु क॑र्नि, समर्तु","ꢡ꣄ꢮꢬꢶꢡꢸ ꢩꢵꢮ꣄, ꢮꢾꢔꢸ ꢒꢾꢬ꣄ꢥꢶ, ꢱꢪꢬ꣄ꢡꢸ"
சூது  ,gambling,ஸூது3,सूतु,ꢱꢹꢡꢸ
செயல்  ,deed,கர்மொ/காம்,"कर्मा॑, काम","ꢒꢬ꣄ꢪꣁ, ꢒꢵꢪ꣄"
செருக்கு  ,proudness,கெ3ருவ்/மீ பா4வ்/ அஹங்கார்/மமதொ,"ग॑रुव, मी भाव, अहङ्कार, ममता॑","ꢔꢾꢬꢸꢮ꣄, ꢪꢷ ꢩꢵꢮ꣄, ꢂꢲꢖ꣄ꢒꢵꢬ꣄, ꢪꢪꢡꣁ"
செலவாளி  ,spendthrift,ஜு2க்கு வேஸ் கெர்னார்/ ஊதா3ரி,"झुक्कुवेस्क॑र्नार, ऊदारि","ꢚꢸꢒ꣄ꢒꢸꢮꢿꢱ꣄ ꢒꢾꢬ꣄ꢥꢵꢬ꣄, ꢇꢣꢵꢬꢶ"
சோம்பேறி  ,lazy fellow,அலஸொ/ அஸமந்த3ம்,"अलसा॑, असमन्दम","ꢂꢭꢱꣁ, ꢂꢱꢪꢥ꣄ꢣꢪ꣄"
சோம்பேறித்தனம்  ,laziness,மந்த3ம்/ஆலஸ்யொ,"मन्दम, आलस्यो","ꢪꢥ꣄ꢣꢪ꣄, ꢃꢭꢱ꣄ꢫꣁ"
சோர்வு  ,tiredness,ஶீன்,शीन,ꢯꢷꢥ꣄
செளந்தரியம்  ,beauty,ஸெளந்த3ர்யொ,सौन्दर्या॑,ꢱꣃꢥ꣄ꢣꢬ꣄ꢫꣁ
ஞாபகச்சக்தி  ,memory power,ஹட்வனு ஶக்தி,हट्वनु शक्ति,ꢲꢜ꣄ꢮꢥꢸ ꢯꢒ꣄ꢡꢶ
ஞாபகம்  ,memory,ஹட்வன்,हट्वन,ꢲꢜ꣄ꢮꢥ꣄
தடுமாற்றம்  ,glitch,தெட்டு முட்டயினி,तेट्टु मुट्टयिनि,ꢡꢾꢜ꣄ꢜꢸ ꢪꢸꢜ꣄ꢜꢫꢶꢥꢶ
தண்மை  ,coolness,ஶிள்ளபன்,शिळ्ळपन,ꢯꢶꢳ꣄ꢳꢦꢥ꣄
தந்திரம்  ,cleverness,தந்துருபன்,तन्तुरुपन,ꢡꢥ꣄ꢡꢸꢬꢸꢦꢥ꣄
தமாஷ்  ,humour,தமாஷ்,तमाष्,ꢡꢪꢵꢰ꣄
தயக்கம்  ,hesitation,பஸ்தொக்கினி / ஸங்கோச்,"पस्ता॑क्किनि, सङ्कोच","ꢦꢱ꣄ꢡꣁꢒ꣄ꢒꢶꢥꢶ, ꢱꢖ꣄ꢒꣂꢗ꣄"
தயவு  ,kindness,த3யொ,दया॑,ꢣꢫꣁ
தரிசனம்  ,Holy vision,த3ர்ஶனொ,दना॑र्शना॑,ꢣꢬ꣄ꢯꢥꣁ
தலைகுனிவு  ,Humiliation,"தொ3ஸ்கொ ஒங்கி3னி,   கெ3ருவு ப4ங்கு3","दा॑स्का॑ आ॑ङ्गिनि,  ग॑रुवु भङ्गु","ꢣꣁꢱ꣄ꢒꣁ ꢏꢖ꣄ꢔꢶꢥꢶ, ꢔꢾꢬꢸꢮꢸ ꢩꢖ꣄ꢔꢸ"
தளர்ச்சி  ,relaxing,விஶ்ராந்தி/விராமொ/பரிஶ்ரமொ/ ஶ்ரமபரிஹார்,"विश्रान्ति, विरामा॑, परिश्रमा॑, श्रमपरिहार","ꢮꢶꢯ꣄꣄ꢬꢵꢥ꣄ꢡꢶ, ꢮꢶꢬꢵꢪꣁ, ꢦꢬꢶꢯ꣄꣄ꢬꢪꣁ, ꢯ꣄꣄ꢬꢪꢦꢬꢶꢲꢵꢬ꣄"
தன்மானம்  ,self-prestige,ஸுயகௌ3ரவ்,सुयगौरव,ꢱꢸꢫꢔꣃꢬꢮ꣄
தனித்துவம்  ,individuality,அலக்3கு3ண்ணு/வ்யக்தித்வொ/ ப்ருத2க்பா4வ்/ விஶேஷு கு3ண்ணு,"अलग्गुण्णु, व्यक्तित्वा॑, प्रुथक्भाव, विशेषु गुण्णु","ꢂꢭꢔ꣄ꢔꢸꢠ꣄ꢠꢸ, ꢮ꣄ꢫꢒ꣄ꢡꢶꢡ꣄ꢮꣁ, ꢦ꣄ꢬꢸꢢꢒ꣄ꢩꢵꢮ꣄, ꢮꢶꢯꢿꢰꢸꢔꢸꢠ꣄ꢠꢸ"
தனிமை  ,loneliness,ஒண்டிபன்/அலக்3 க3ர:னி/வெகுளபன்,"आ॑ण्टिपन, अलग्ग र्हनि, व॑कुलपन","ꢏꢠ꣄ꢜꢶꢦꢥ꣄, ꢂꢭꢔ꣄ꢔ ꢬꢴꢥꢶ, ꢮꢾꢔꢸꢭꢦꢥ꣄"
தாகம்  ,thirst,ஶோக்,सोक्,ꢱꣂꢒ꣄
தாம்பத்தியம்  ,Conjugal life,தா3ம்பத்யஜிவ்னம்/ஸதிபதி ஜிவ்னம்,"दाम्पत्यजिव्नम, सतिपति जिव्नम","ꢣꢵꢪ꣄ꢦꢡ꣄ꢫꢙꢶꢮ꣄ꢥꢪ꣄, ꢱꢡꢶꢦꢡꢶ ꢙꢶꢮ꣄ꢥꢪ"
தாராள மனப்பான்மை   ,generocity,உதா3ரகு3ண்ணு,उदारगुण्णु,ꢆꢣꢵꢬꢔꢸꢠ꣄ꢠꢸ
திடம்  ,firmness,தெ3ஞ்சு,द॑ञ्चु,ꢣꢾꢛ꣄ꢗꢸ
திருட்டு  ,theft,சோர்,चोर्,ꢗꣂꢬ꣄
திருட்டுத்தனம்  ,stealing,சோருபன்,चोरुपन,ꢗꣂꢬꢸꢦꢥ꣄
திருடன்  ,thief (m),சொட்3டொ3,चा॑ड्डा॑,ꢗꣁꢞ꣄ꢞꣁ
திருடி  ,thief (f),சொட்3டி3,चा॑ड्डि,ꢗꣁꢞ꣄ꢞꢶ
திருத்தம்  ,correction,ஸெர்ககர்னி/ தித்3து3வளி/ ஸுதா4ர்,"स॑र्ककर्नि, तिद्दुवलि, सुधार","ꢱꢾꢬ꣄ꢒꢒꢬ꣄ꢥꢶ, ꢡꢶꢣ꣄ꢣꢸꢮꢭꢶ, ꢱꢸꢤꢵꢬ꣄"
திருப்தி  ,"contentment, satisfaction",திருப்தி,तिरुप्ति,ꢡꢶꢬꢸꢦ꣄ꢡꢶ
தியாகம்  ,relinquishing/ sacrifice/ martyrdom,த்யாக்3,त्याग,ꢡ꣄ꢫꢵꢔ꣄
தியாகி  ,Relinquisher/ martyr,த்யாகி3,त्यागि,ꢡ꣄ꢫꢵꢔꢶ
திறமை  ,"ability, skill",ஸமர்து2/ ஆஶக்து,"समर्थु, आशक्तु","ꢱꢪꢬ꣄ꢢꢸ, ꢃꢯꢒ꣄ꢡꢸ"
திறன்  ,"ability, skill",ஸமர்து2பன்,समर्थुपन,ꢱꢪꢬ꣄ꢢꢸꢦꢥ꣄
தீமை  ,evil,நாஸ்/ நஸாது,"नास्, नसातु","ꢥꢵꢱ꣄, ꢥꢱꢵꢡꢸ"
தீர்ப்பு  ,judgement,நிர்ணயொ,निर्णया॑,ꢥꢶꢬꢠꢫꣁ
தீரன்  ,brave person,தீ4ரு/தெ4ய்ர்யவான்,"धीरु, ध॑य्र्यवान","ꢤꢷꢬꢸ, ꢤꢾꢫ꣄ꢬ꣄ꢫꢮꢵꢥ꣄"
தீவிரம்  ,"severity, extremity",தீவ்ரொ,तीव्रा॑,ꢡꢷꢮ꣄ꢬꣁ
தீவிரவாதி  ,extremist,தீவ்ரவாதி3,तीव्रवादि,ꢡꢷꢮ꣄ꢬꢮꢵꢣꢶ
துக்கம்  ,sorrow,து3கு2,दुखु,ꢣꢸꢓꢸ
துணிவு  ,Courage/daring,மொன்னுதெ4ய்ர்யம்,मा॑न्नुध॑य्र्म,ꢪꣁꢥ꣄ꢥꢸꢤꢾꢫ꣄ꢬ꣄ꢫꢪ꣄
துரதிருஷ்டம்  ,bad luck/misfortune,து3ரதி3ஷ்டு,दुरदिष्टु,ꢣꢸꢬꢞꢶꢰ꣄ꢜꢸ
துரோகம்  ,Treason/treachery,து3ரோக்,दुरोक्,ꢣꢸꢬꣂꢒ꣄
துவர்ப்பு  ,astringency,ஒகு3ர்,आ॑गुर्,ꢏꢔꢸꢬ꣄
துறவறம்  ,saintly life,ஸன்யாஸு தெ4ரும்,सन्यासु ध॑रुम,ꢱꢥ꣄ꢫꢵꢱꢸ ꢤꢾꢬꢸꢪ꣄
துறவி  ,saint,ஸன்யாஸி,सन्यासि,ꢱꢥ꣄ꢫꢵꢱꢶ
தூக்கம்  ,sleep,ஹோங்கு3/ நீஞ்ஜு,"होङ्कु, नीञ꣄जु","ꢐꢖ꣄ꢒꢸ, ꢥꢷꢛ꣄ꢙꢸ"
தூய்மை  ,cleanliness,ஸுத்3தி4,सुद्धि,ꢱꢸꢣ꣄ꢤꢶ
தெரிவை  ,a woman above 39 years,முதி3ரம்மொ,मुदिरम्मा॑,ꢪꢸꢣꢶꢬꢪ꣄ꢪꣁ
தெளிவு  ,clarity,ஸ்பஷ்டு,स्पष्टु,ꢱ꣄ꢦꢰ꣄ꢜꢸ
தைரியசாலி  ,brave person,தை4ர்யஸாலி,धैर्यसालि,ꢤꣀꢬ꣄ꢫꢱꢵꢭꢶ
தைரியம்  ,courage,தெ4ய்ர்யம்,ध॑य्र्यम,ꢤꢾꢫ꣄ꢬ꣄ꢫꢪ꣄
தொடக்கம்  ,beginning,ஹரும்ப3ம்/ப்ராரம்பு4,"हरुम्बम, प्रारम्भु ","ꢲꢬꢸꢪ꣄ꢨꢪ꣄, ꢦ꣄ꢬꢵꢬꢪ꣄ꢩꢸ"
தொடர்பு  ,"relation, contact",ஸம்ப3ந்து4/ ஸம்பர்கு,"सम्बन्धु, सम्पर्कु ","ꢱꢪ꣄ꢨꢥ꣄ꢤꢸ, ꢱꢪ꣄ꢦꢬ꣄ꢒꢸ"
தோற்றம்  ,manifestation,வ்யக்து,व्यक्तु,ꢮ꣄ꢫꢒ꣄ꢡꢸ
நகை  ,laughter,ஹஸினி,हसिनि,ꢲꢱꢶꢥꢶ
நட்பு  ,friendship,ஸிங்க3திபன்,सिङ्गतिपन,ꢱꢖ꣄ꢔꢡꢶꢦꢥ꣄
நடுக்கம்  ,shivering,ஒண்கினி,आ॑ण्किनि,ꢏꢠ꣄ꢒꢶꢥꢶ
நம்பிக்கை  ,belief,நொம்மினி/ நொம்கெ,"ना॑म्मिनि, ना॑म्क॑","ꢥꣁꢪ꣄ꢪꢶꢥꢶ, ꢥꣁꢪ꣄ꢒꢾ"
நரை  ,grey hair,ப2ண்டகே2ஸ்,फण्टखेस,ꢧꢠ꣄ꢜꢓꢾꢱ꣄
நறுமணம்  ,fragrance,ஸுக3ந்து,सुगन्तु,ꢱꢸꢔꢥ꣄ꢡꢸ
நன்மை  ,Benefit ,ப4லொ/சொக்ப2லுன்,"भला॑, चा॑कफलुन","ꢩꢭꣁ, ꢗꣁꢒ꣄ꢧꢭꢸꢥ꣄"
நன்றி  ,gratitude,த4ன்னு,धन्नु,ꢤꢥ꣄ꢥꢸ
நன்றி கெட்டதனம்   ,ingratitude,த4ன்னு ஹீனுபன்,धन्नु हीनुपन,ꢤꢥ꣄ꢥꢸ ꢲꢷꢥꢸꢦꢥ꣄
நாடோடி,vagabond,கா3ம் பி2ர்னார்/ பரிப்4ரமி / தே3ஶசாரி,"गाम्फिर्नार, परिभ्रमि, देशचारि","ꢔꢵꢪ ꣄ꢧꢶꢬ꣄ꢥꢵꢬ꣄, ꢦꢬꢶꢩ꣄ꢬꢪꢶ, ꢣꢾꢯꢗꢵꢬꢶ"
அவமதிப்பு,disgrace,அவ்மான்,अव्मान,ꢂꢮ꣄ꢪꢵꢥ꣄
நாணயம்  ,Honesty,ருஜுபன்/ நித்தபன்,"रुजुपन, नित्तपन","ꢬꢸꢙꢸꢦꢥ꣄, ꢥꢶꢡ꣄ꢡꢦꢥ꣄"
நாற்றம்  ,foul smell/stink,கா4ன்/து3ர்க3ந்து4,"घान्, दुर्गन्धु","ꢕꢵꢥ꣄, ꢣꢸꢬ꣄ꢔꢥ꣄ꢤꢸ"
நிகர்  ,equality,ஸமொ/ஸமபன்/ஸமதொ,"समा॑, समपन, समता॑","ꢱꢪꣁ, ꢱꢪꢦꢥ꣄, ꢱꢪꢡꣁ"
நிதானம்  ,poise,ஸீஸொவ்ரி ரா:ஸ்தே/ தி2ரம்கனி ரா:ஸ்தே,"सीसा॑व्रि र्हास्ते, थिरम्कनि र्हास्ते","ꢱꢷꢱꣁꢮ꣄ꢬꢶ ꢬꢴꢵꢱ꣄ꢡꢾ, ꢢꢶꢬꢪ꣄ꢒꢥꢶ ꢬꢴꢵꢱ꣄ꢡꢾ"
நிந்தனை  ,scolding,கா3ள்/நிந்த3னொ/து2வ்னி,"गाळ, निन्दना॑, थुव्नि","ꢔꢵꢳ꣄꣄, ꢥꢶꢥ꣄ꢣꢥꣁ, ꢢꢸꢮ꣄ꢥꢶ"
நிபுணன்  ,expert (m),ஸமர்து2வான்,समर्थुवान,ꢱꢪꢬ꣄ꢢꢸꢮꢵꢥ꣄
நிராசை  ,disappointment,நிராஶொ,निराशा॑,ꢥꢶꢬꢵꢯꣁ
நிலைமை  ,condition,ஸ்தி2தி,स्थिति,ꢱ꣄ꢢꢶꢡꢶ
நினைவாற்றல்  ,memory power,ஸ்மரணஶக்தி,स्मरण शक्ति,ꢱ꣄ꢪꢬꢠ ꢯꢒ꣄ꢡꢶ
நினைவிலி  ,Unconsciousperson,மூர்ச்சொ2 லகெ3ஸ்தெனொ,मूर्च्छा॑ लग॑स्त॑ना॑,ꢪꢹꢬ꣄ꢗ꣄ꢘꣁ ꢭꢔꢾ ꢱ꣄ꢡꢾꢥꣁ
நினைவு  ,memory,ஸ்மரணொ,स्मरणा॑,ꢱ꣄ꢪꢬꢠꣁ
நெருக்கம்  ,intimacy,அன்யோன்யு,अन्योन्यु,ꢂꢥꢫꣁꢥ꣄ꢫꢸ
நோவு  ,pain,து3வ்னொ,दुव्ना॑,ꢣꢸꢮ꣄ꢥꣁ
பக்குவம்  ,Ripeness/maturity,பக்வொ/பிக்கினி,"पक्वा॑, पिक्किनि","ꢦꢒ꣄ꢮꣁ, ꢦꢶꢒ꣄ꢒꢶꢥꢶ"
பகட்டு  ,pomp,மோஜொ/மெர்சினி/ப3ந்தா3,"मोजा॑, म॑र्चिनि, बन्दा","ꢪꣁꢙꣁ, ꢪꢾꢬ꣄ꢗꢶꢥꢶ, ꢨꢥ꣄ꢣꢵ"
பகை  ,enmity,விரோத்4,विरोध्,ꢮꢶꢬꣂꢤ꣄
பச்சாதாபம்  ,Pity/sympathy,பரிதாப்/ப2ல்சா தாப்/அனுதாப்,"परिताप्, फल्चाताप, अनुताप","ꢦꢬꢶꢡꢵꢦ꣄, ꢧꢭ꣄ꢗꢵꢡꢵꢦ꣄, ꢂꢥꢸꢡꢵꢮ꣄"
பசி  ,hunger,பூ4க்,भुक्,ꢩꢹꢒ꣄
பசுமை  , prosperity,ஸெளிம்பு3/ ஸெளிபம்,"स॑लिम्बु, स॑लिपम","ꢱꢾꢭꢶꢪ꣄ꢨꢸ, ꢱꢾꢭꢶꢦꢪ꣄"
பஞ்சம்  ,drought,ஸுக்கினி,सुक्किनि,ꢱꢸꢒ꣄ꢒꢶꢥꢶ
படிப்பு  ,education,செது3வ்/வித்3யொ,"च॑दुव, विद्या॑","ꢗꢾꢣꢸꢮ꣄, ꢮꢶꢣ꣄ꢫꣁ"
படைப்பு  ,creation,க்ருதி/உத்பாத3னொ/ரூப்கெர்னி/ஸ்ருஷ்டி,"क्रुति, उत्पादना॑, रूप्क॑र्नि, स्रुष्टि","ꢒ꣄ꢬꢸꢡꢶ, ꢆꢡ꣄ꢦꢵꢣꢥꣁ, ꢬꢹꢦ꣄ꢒꢾꢬ꣄ꢥꢶ, ꢱ꣄ꢬꢸꢰ꣄ꢜꢶ"
பண்பு  ,character,கு3ண்ணுன்,गुण्णुन,ꢔꢸꢠ꣄ꢠꢸꢥ꣄
பண்பு நலன்   ,character sketch,கு3ண்ணுனு ஸார்,गुण्णुनु सार,ꢔꢸꢠ꣄ꢠꢸꢥꢸ ꢱꢵꢬ꣄
பத்தினி  ,Chastewoman,பத்னி,पत्नि,ꢦꢡ꣄ꢥꢶ
பதட்டம்  ,Haste/tension,த4மாதா4ம்,धमाधाम,ꢤꢪꢵꢤꢵꢪ꣄
பந்தயம்  ,competition,ஸ்பர்தொ4,स्पर्धा॑,ꢱ꣄ꢦꢬ꣄ꢤꣁ
பயம்  ,fear,தா4க்,धाक्,ꢤꢵꢒ꣄
பயிர்ப்பு  ,Fear of unfamiliar persons,நொவதெகொ ஸாத்தொ த4க்கினி,ना॑वा॑त॑का॑ सात्ता॑ धक्किनि,ꢥꣁꢮꢡꢾꢒꣁ ꢱꢵꢡ꣄ꢡꣁ ꢤꢒ꣄ꢒꢶꢥꢶ
பயிற்சி  ,exercise,அப்4யாஸ்,अभ्यास्,ꢂꢩ꣄ꢫꢵꢱ꣄
சாது  ,Harmless person,ஸாது4,साधु,ꢱꢵꢤꢸ
பராமரிப்பு  ,maintenance,பாலனொ கெர்னி,पालना॑ क॑र्नि,ꢦꢵꢭꢥꣁ ꢒ꣄ꢬ꣄ꢥꢶ
பரிகாரம்  ,expiation,பரிஹார்/ப்ராயஶ்சித்து கெரஸ்தே,"परिहार, प्रायश्चित्तु क॑रस्त॑","ꢦꢬꢶꢲꢵꢬ꣄, ꢦ꣄ꢬꢵꢫꢯ꣄ꢗꢶꢡ꣄ꢡꢸ ꢒꢾꢬꢱ꣄ꢡꢾ"
பரிகாசம்  ,sarcasm,பரிஹாஸ்,परिहास,ꢦꢬꢶꢲꢵꢱ꣄
பரிசுத்தம்  ,purity,பரிஸுத்3தி4,परिसूद्धि,ꢦꢬꢶꢱꢸꢣ꣄ꢤꢶ
பரிதாபம்  ,sympathy,பரிதாப்,परिताप्,ꢦꢬꢶꢡꢵꢦ꣄
பலகீனம்  ,weakness,ப3லஹீன்,बलहिन्,ꢨꢭꢲꢶꢥ꣄
பலசாலி  ,strong person,ப3லஶாலி,बलशालि,ꢨꢭ꣄ꢯꢵꢭꢶ
பலம்  ,strength,பொ3லிம்,बा॑लिम्,ꢨꣁꢭꢶꢪ꣄
பவித்திரம்  ,holiness,பவித்ரு,पवित्रु,ꢦꢮꢶꢡ꣄ꢬꢸ
பழக்கம்  ,Habit/custom,ரப்தொ,रप्ता॑,ꢬꢦ꣄ꢡꣁ
பழிக்குப்பழி  ,revenge,பொராக்பொரொ/ ப்ரதிஶோத்4,"पा॑राक्पा॑रा॑, प्रतिशोध","ꢦꣁꢬꢵꢒ꣄ꢦꣁꢬꣁ, ꢦ꣄ꢬꢡꢶꢯꣂꢤ꣄"
பளபளப்பு  ,shining,ப்ரகாஷ்/ மெர்புல்/ ஜொலிஞ்சினி,"प्रकाष, म॑र्पुल, जा॑लिञ्चिनि","ꢦ꣄ꢬꢒꢵꢰ꣄, ꢪꢾꢬ꣄ꢦꢸꢭ꣄, ꢙꣁꢭꢶꢛ꣄ꢗꢶꢥꢶ"
பாராட்டு  ,praise,நுவினி/மெச்சினி/ ஶ்லாக4னொ,"नुविनि, मेर्च्चिनि, श्लाघना॑","ꢥꢸꢮꢶꢥꢶ, ꢪꢾꢗ꣄ꢗꢶꢥꢶ, ꢯ꣄ꢭꢵꢕꢥꣁ"
பிச்சை  ,begging,பீ4க்,भीक,ꢩꢷꢒ
பிடிவாதம்  ,"stubbornness, obstinacy",கெ4டி3வாத்3/ து3ராக்3ரஹொ(N),"घ॑डिवाद, दुराग्रहा॑","ꢕꢾꢞꢶꢮꢵꢣ꣄, ꢣꢸꢬꢵꢔ꣄ꢬꢲꣁ"
பிரதிபலன்  ,reward,பிரதிபோ2ள்(N),पिरतिफोल,ꢦꢶꢬꢡꢶꢧꣂꢭ
பிரமை  ,illusion,மாயொ(N),माया॑,ꢪꢵꢫꣁ
பின்தங்கல்  ,backward,பஸ்கட் ர:னி (G),पस्कट र्हनि,ꢦꢱ꣄ꢒꢜ꣄ ꢬꢴꢥꢶ
பீதி  ,fear,பீ4தி/தா4க் (N),"भीति, धाक्","ꢩꢷꢡꢶ, ꢤꢵꢒ꣄"
புகழ்ச்சி  ,praising,நுவினி (G),नुविनि,ꢥꢸꢮꢶꢥꢶ
புகைச்சல்  ,friction,கு3பு3கு3பாஸ்தே (G),गुबुगुपास्ते,ꢔꢸꢨꢸꢔꢸꢦꢵꢱ꣄ꢡꢿ
புத்தி  ,intelligence,பு3த்3தி4(N),बुद्धि,ꢨꢸꢣ꣄ꢤꢶ
புத்துணர்ச்சி  ,refreshness,உத்ஸாஹ் (N) ,उत्साह,ꢆꢡ꣄ꢱꢵ
புதையல்  ,treasure,கெ3ணாத் (N),ग॑णात्,ꢔꢾꢠꢵꢡ꣄
புளிப்பு  ,sour taste,அம்ப3ட் (N),अम्बट्,ꢂꢪ꣄ꢨꢜ꣄
புனிதம்  ,sanctity,பவித்ரு (N),पवित्रु,ꢦꢮꢶꢡ꣄ꢬꢸ
பெதும்பை  ,girl upto 12 years,கன்யொ (N),कन्या,ꢒꢥ꣄ꢫꢵ
பெருமை  ,glory,கீர்தி (N),कीर्ति,ꢒꢷꢬ꣄ꢡꢶ
பேட்டி  ,interview,வெது3ர்வதி3னி (G),व॑दुर्वदिनि,ꢮꢾꢣꢸꢬ꣄ ꢮꢣꢶꢥꢶ
பேதம்  ,difference,பே4த் (N),भेत,ꢩꢿꢡ
பொய்  ,False,மித2ன் (N),मिथन,ꢪꢶꢢꢥ꣄
பொலிவு  ,Freshness,நொவபன் (N),ना॑वपन,ꢥꣁꢮꢦꢥ꣄
பொறாமை  ,"greed, jealousy",அஸூயொ (N),असूया॑,ꢂꢱꢹꢫꣁ
பொறுப்பு  ,responsibility,ஜவாப்3தா3ர் (N),जवाब्दार,ꢙꢮꢵꢨ꣄ꢣꢵꢬ꣄
பொறுமை  ,patience,ஸஹனதொ (N),सहनतो,ꢱꢲꢥꢡꣁ
போக்கிரி  ,rowdy,கு3ண்டொ3(N),गुण्डा॑,ꢔꢸꢠ꣄ꢞꣁ
போக்கிரித்தனம்  ,rowdism,கு3ண்ட3பன் (N),गुण्डपन,ꢔꢸꢠ꣄ꢞꢦꢥ꣄
மகத்துவம்  ,greatness,மஹிமொ (N),महिमा॑,ꢪꢲꢶꢪꣁ
மகாத்மா  ,great soul,மாஹாத்மொ (N),माहात्मा॑,ꢪꢵꢲꢵꢡ꣄ꢪꣁ
மகான்  ,greatman,மஹான் (N),महान,ꢪꢲꢵꢥ꣄
மகிழ்ச்சி  ,"enjoyment, pleasure",ஸொம்பு/ஸொந்து (N),"सा॑म्पु, सा॑न्तु","ꢪꣁꢪ꣄ꢦꢸ, ꢱꣁꢥ꣄ꢡꢸ"
மங்கை  ,girl upto 16 years of age,யுவதி (N),युवति,ꢫꢸꢮꢡꢶ
மடத்தனம்  ,foolishness,மு:ட3பன்(N),म्हुडपन,ꢪꢴꢸꢞꢦꢥ꣄
மடையன்  ,fool,மு:டொ3(N),म्हुडा॑,ꢪꢴꢸꢞꣁ
மணம்  ,fragrance,வஸுனொ (N),वसुना॑,ꢮꢱꢸꢥꣁ
மதிப்பு  ,respect,கெ4னம் (N),घ॑नम्,ꢕꢾꢥꢪ꣄
மயக்கம்  ,Drowsiness,மெங்கி3னி (G),म॑ङ्गिनि,ꢪꢾꢖ꣄ꢔꢶꢥꢶ
மரமண்டையன்   ,blockhead (m),மு:டொ3(N),म्हुडा॑,ꢪꢴꢸꢞꣁ
மரியாதை  ,respect,மொர்க்3யாத் (N),मा॑र्ग्यात,ꢪꣁꢬ꣄ꢔ꣄ꢫꢵꢡ꣄
மலர்ச்சி  ,Blooming/blossom,பு2லஸ்தே (G),फुलस्ते,ꢧꢸꢭꢱ꣄ꢡꢾ
மறதி  ,forgetfulness,விஸுர்(N),विसुर,ꢮꢶꢱꢸꢬ꣄
மனக்கலக்கம்  ,confusion,வெகுல் (N) / மொன்னு கவ்லினி (G),"व॑गुल, मा॑न्नु कव्लिनि","ꢮꢾꢒꢸꢭ꣄, ꢪꣁꢥ꣄ꢥꢸ ꢒꢮ꣄ꢭꢶꢥꢶ"
மனக்குறை  ,dissatisfaction,அதிருப்தி (N),अतिरुप्ति,ꢂꢡꢶꢬꢸꢦ꣄ꢡꢶ
மனச்சமாதானம்/மனச்சாந்தி,peace of mind,மொன்னு ஶாந்தி (N),म॓न्नु शान्ति,ꢪꣁꢥ꣄ꢥꢸ ꢯꢵꢥ꣄ꢡꢶ
மனத்தாங்கல்  ,grievance,பா3தொ4  (N),बाधा॑,ꢨꢵꢤꣁ
மனநிறைவு  ,fulfilment,த்ருப்தி (N)/ பரிபூர்ணு (N),"त्रुप्ति, परिपूर्णु","ꢡ꣄ꢬꢸꢦ꣄ꢡꢶ, ꢦꢬꢶꢦꢹꢬ꣄ꢠꢸ"
மனோபாவம்  ,Feeling/ attitude,மனோபா4வ் (N),मनोभाव,ꢪꢥꣂꢩꢵꢮ꣄
மாற்றம்  ,change,மர்சினி (G) / பரிவர்தனொ (N),"मर्चिनि, परिवर्तना॑","ꢪꢬ꣄ꢗꢶꢥꢶ, ꢏꢬꢶꢮꢬ꣄ꢡꢥꣁ"
மானக்கேடு  ,disgrace,அவமான் (N),अवमान्,ꢂꢮꢪꢵꢥ꣄
மானம்  ,prestige,மான் (N) / கௌ3ரவ் (N),"मान, गौरव","ꢪꢵꢥ꣄, ꢔꣃꢬꢮ꣄"
மிடுக்கு  ,Ostentation/,கெ3த்து (N),ग॑त्तु,ꢔꢾꢡ꣄ꢡꢸ
மிருது  ,Softness/tenderness,கொம்ப்3ளபன் (N),का॑म्बळपन,ꢒꣁꢪ꣄ꢨꢳꢦꢥ꣄
முட்டாள்  ,fool,மு:டொ3(N),म्हुडा॑,ꢪꢴꢸꢞꣁ
முட்டாள்தனம்  ,foolishness,மு:ட3பன் (N),म्हुडपन,ꢪꢴꢸꢞꢦꢥ꣄
முடிவு  ,decision,திர்மான் (N),तिरमान,ꢡꢶꢬ꣄ꢪꢵꢥ꣄
முதிர்ச்சி  ,maturity,பரிபக்வதொ (N),परिपक्वता॑,ꢦꢬꢶꢦꢒ꣄ꢮꢡꣁ
முயற்சி  ,Attempt/effort,யத்தன்/ப்ரயத்தன் (N),"यत्तन, प्रयत्तन","ꢫꢡ꣄ꢡꢥ꣄, ꢦ꣄ꢬꢫꢡ꣄ꢡꢥ꣄"
முறுவல்  ,smile,ந:ன்ஹஸொ/ முகுல்ஹஸொ (N),"न्हन्हसा॑, मुगुल्हसा॑","ꢥꢴꢥ꣄ꢲꢱꣁ, ꢪꢸꢒꢸꢭ꣄ꢲꢱꣁ"
முன்னேற்றம்  ,development,அபி4வ்ருத்3தி4 (N)/ உன்னதி (N) / ஹோரவ்னி (G),"अभिव्रुद्धि, उन्नति, होरव्नि","ꢂꢩꢶꢮ꣄ꢬꢸꢣ꣄ꢤꢶ, ꢆꢥ꣄ꢥꢡꢶ, ꢲꣁꢬꢮ꣄ꢥꢶ"
மூடநம்பிக்கை  ,blind belief/ superstition,அந்த4விஶ்வாஸ் (N),अन्धविश्वास,ꢂꢥ꣄ꢤꢮꢶꢯ꣄꣄ꢮꢵꢱ꣄
மூப்பு  ,old age,தொ3வ்ரபன் (N),दा॑व्रपन,ꢣꣁꢮ꣄ꢬꢦꢥ꣄
மூர்க்கத்தனம்  ,rudeness,மூர்க2பன் (N),मूर्खपन,ꢪꢹꢬ꣄ꢓꢦꢥ꣄
மூர்க்கன்  ,cruel person (uncultured person),மூர்கு2 (N),मूर्खु,ꢪꢹꢬ꣄ꢓꢸ
மெய்  ,truth,ஸெத்து (N)/ நிஜவத்தொ (N)/ ஸத்ய வாக்  (N),"स॑त्तु, निजवत्ता॑, सत्य वाक","ꢱꢾꢡ꣄ꢡꢸ, ꢥꢶꢙꢮꢡ꣄ꢡꣁ, ꢱꢡ꣄ꢫ ꢮꢵꢒ꣄"
மெருகு  ,shine,ஜொலிஞ்சினி (G),जा॑लिञ्चिनि,ꢙꣁꢭꢶꢛ꣄ꢗꢶꢥꢶ
மென்மை  ,softness,ம்ருது3பன்(N) மெது3வுபன்(N),"म्रुदुपन, म॑दुवुपन","ꢪ꣄ꢬꢸꢣꢸꢦꢥ꣄, ꢪꢾꢣꢸꢮꢸꢦꢥ꣄"
மேன்மை  ,Greatness/ superiority,மொ:ட்டபன்  (N)/ மேட்பன்  (N) ஶ்ரேஷ்ட2பன் (N),"म्हा॑ट्टपन, मेट्पन, श्रेष्ठपन","ꢪꢴꣁꢜ꣄ꢜꢦꢥ꣄, ꢪꢿꢜ꣄ꢦꢥ꣄, ꢯ꣄ꢬꢿꢰ꣄ꢝꢦꢥ꣄"
மோகம்  ,infatuation,மோஹ் (N),मोह,ꢪꣂꢲ꣄
மோசம்  ,Cheating/gulling,மோஸ் (N),मोह,ꢪꣂꢲ꣄
மௌனம்  ,silence,மௌன்/அவாக் (N),"मौन, अवाक","ꢪꣃꢥ꣄, ꢂꢮꢵꢒ꣄"
யதார்த்தவாதி  ,realist,யதா2ர்த2வாதி3 (N),यथार्थ्वादि,ꢫꢢꢵꢬ꣄ꢢꢮꢵꢣꢶ
யோசனை  ,thought,யோசனொ (N),योचना॑,ꢫꣁꢗꢥꣁ
ருசி  ,taste,ருசி/ருச்சி (N),"रुचि, रुच्चि","ꢬꢸꢗꢶ, ꢬꢸꢗ꣄ꢗꢶ"
வசீகரம்  ,attraction,ஆகர்ஷணொ(N),आकर्षणा॑,ꢃꢒꢬ꣄ꢰꢠꣁ
வஞ்சகம்  ,betrayal,வஞ்சனொ (N),वञ्चना॑,ꢮꢛ꣄ꢗꢥꣁ
வஞ்சகன்  ,Betrayer (m),வஞ்சனொ கெர்னார் (N),वञ्चना॑ क॑र्नार,ꢮꢛ꣄ꢗꢥꣁ ꢒꢾꢬ꣄ꢥꢵꢬ꣄
வஞ்சகி  ,Betrayer (f),வஞ்சனொ கெர்னார் (N),वञ्चना॑ क॑र्नार,ꢮꢛ꣄ꢗꢥꣁ ꢒꢾꢬ꣄ꢥꢵꢬ꣄
வருணனை  ,description,வர்ணனொ (N),वर्णना॑,ꢮꢬ꣄ꢠꢥꣁ
வருத்தம்  ,grief,ஹெதொ (N),ह॑ता॑,ꢲꢾꢡꣁ
வலி  ,pain,து3வ்னொ (N),दुव्ना॑,ꢣꢸꢮ꣄ꢥꣁ
வாட்டம்  ,fading,வட்3ஜனி (G),वड्जनि,ꢮꢞ꣄ꢙꢥꢶ
வாடிக்கையாளர்   ,customer,க்3ராஹகொ/ க்3ராஹி (N),"ग्राहका॑, ग्राहि","ꢔ꣄ꢬꢵꢲꢒꣁ, ꢔ꣄ꢬꢵꢲꢶ"
வாய்மூடித்தனம்  ,keeping mum,தோணும் தொ4வ்ளொ/ நிஸப்3து3 (N),"दोणुम धा॑व्ळा॑, निशब्दु","ꢡꣂꢠꢸꢪ꣄ ꢤꣁꢮ꣄ꢳꣁ, ꢥꢶꢯꢨ꣄ꢣꢸ"
விகாரம்  ,ugliness,விகார்/ குரூப் (N),"विकार, कुरूप","ꢮꢶꢒꢵꢬ꣄, ꢒꢸꢬꢹꢦ꣄"
விசுவாசம்  ,faith,விஶ்வாஸ் (N),विश्वास्,ꢮꢶꢯ꣄꣄ꢮꢵꢱ꣄
விசுவாசி  ,faithful person,விஶ்வாஸி (N),विश्वासि,ꢮꢯ꣄꣄ꢮꢵꢱꢶ
வியப்பு  ,wonder,ஆஶ்சர்யு (N),आश्चर्यु,ꢃꢯ꣄꣄꣄ꢗꢬ꣄ꢫꢹ
விரகம்  ,pangs of separation,விரஹதாப் (N),विरहताप,ꢮꢶꢬꢲꢡꢵꢦ꣄
விரிசல்  ,crack,பா2ட் (N),फाट,ꢧꢵꢜ꣄
விருது  ,title,பி3ருது3 (N),बिरुदु,ꢨꢶꢬꢸꢣꢸ
விருப்பம்  ,desire,ஆஸ்தொ  (N),आस्ता॑,ꢃꢱ꣄ꢡꣁ
விருப்பு  ,liking,ஒப்பயினி (G),आ॑प्पयिनि,ꢏꢦ꣄ꢦꢫꢶꢥꢶ
விரோதம்  ,enmity,ஶத்ரு (N),चत्रु,ꢗꢡ꣄ꢬꢸ
விவாதம்  ,argument,விவாத்3(N),विवाद्,ꢮꢶꢮꢵꢣ꣄
வலிமை  / வலு,strength,பொ3லிம் (N),बा॑लिम्,ꢨꣁꢭꢶꢪ꣄
வழக்கம்  ,custom,ரப்தொ (N),रप्ता॑,ꢬꢦ꣄ꢡꣁ
வள்ளல்  ,philanthropist,பரோபகாரி (N),परोपकारि,ꢦꢬꣂꢦꢒꢵꢬꢶ
வளர்ச்சி  ,growth,ஹொடி3னி (G),हा॑डिनि,ꢲꣁꢞꢶꢥꢶ
வறட்சி  ,drought,து3கால்/ து3காள்(N),"दुकाल, दुकाळ","ꢣꢸꢒꢵꢭ꣄,ꢣꢸꢒꢵꢳ꣄꣄"
விழிப்புணர்ச்சி  ,awareness,தெர்கெ (N)/ ப்ரஜ்ஞொ (N)," त॑र्क॑, प्रजञो","ꢡꢾꢬ꣄ꢒꢾ, ꢦ꣄ꢬꢙ꣄ꢛꣁ"
விறுவிறுப்பு  ,quickness,"பி3ஸ்ஸபன் (N),பி3ஸ்ஸொ (Adv)","बिस्सपन,  बिस्सा॑","ꢨꢶꢱ꣄ꢱꢦꢥ꣄,  ꢨꢶꢱ꣄ꢱꣁ"
வீரம்  ,bravery,தை4ர்யொ (N),धैर्यु,ꢤꣀꢬ꣄ꢫꢸ
வீரன்  ,brave man,தை4ர்யவான் (N),धैर्यवान्,ꢤꣀꢬ꣄ꢫꢮꢵꢥ꣄
வீராங்கனை  ,brave woman,தை4ர்யவதி (N),धैर्यस्तिरि,ꢤꣀꢬ꣄ꢫ ꢱ꣄ꢡꢶꢬꢶ
வீழ்ச்சி  ,falling,பொட்3ணி (N),पा॑ड्णि,ꢨꣁꢞ꣄ꢠꢶ
வெடுவெடுப்பு  ,irritation,ஜாள் (N),जाल्,ꢙꢵꢭ꣄
வெம்மை  ,hotness,ஹுன்னபன் (N) (ஹுன்னொ (adv)),"हुन्नपन, हुन्ना॑","ꢲꢸꢥ꣄ꢥꢦꢥ꣄, ꢲꢸꢥ꣄ꢥꣁ"
வெற்றி  ,Success/victory,ஜீக்3 (N),जीग,ꢔꢷꢔ꣄
வெறி  ,fanaticism,உக்3ரதொ (N),उग्रता॑,ꢆꢔ꣄ꢬꢡꣁ
வெறுப்பு  ,hatred,த்3வேஷ் (N),द्वेश्,ꢣ꣄ꢮꢾꢯ꣄
வேகம்  ,speed,வேக்3(N),वेग,ꢮꢿꢔ꣄
வேட்கை  ,thirst,ஶோக் (N),शोक्,ꢯꣂꢒ꣄
வேடிக்கை  ,fun,கூத் (N) / கே2ள்(N),"कुत, खेळ","ꢒꢹꢡ꣄, ꢓꢾꢳ꣄"
வேற்றுமை  ,difference,பே4த்3 (N),भेद,ꢩꢿꢣ꣄
வைராக்கியம்  ,obstinacy,வைராக்3யு (N),वैराग्यु,ꢮꣀꢬꢵꢔ꣄ꢫꢸ
 ,,,,
