ꢂꢖ꣄ꢔꢸꢱꣁ,अङ्गुसा॑,அங்கு3ஸொ,anguso',aGgusO,aṅgusŏ,əŋgus̪o,iron rod of mahout,அங்குசம்  
ꢪꢸꢣ꣄ꢬꢠꢱꢵꢭꣁ,मुद्रणसाला॑,முத்3ரணஸாலொ,mudranasaalo',mudraNasAlO,mudraṇasālŏ,mud̪ɾəɳəs̪ɑːlo,printing press,அச்சகம்  
ꢥꢶꢪ꣄ꢦꢶꢥꢶ,निम्पिनि,நிம்பினி,nimpini,nimpini,nimpini,n̪ɪmpɪn̪ɪ,printing,அச்சடிப்பு  
ꢪꢸꢣ꣄ꢬꢠꣁ,मुद्रणा॑,முத்3ரணொ,mudrano',mudraNO,mudraṇŏ,mud̪ɾəɳo,printing,அச்சடிப்பு  
ꢥꢶꢪ꣄ꢦꢶꢥꢶꢮꢵꢥ꣄,निम्पिनिवान,நிம்பினிவான்,nimpinivaan,nimpinivAn,nimpinivān,n̪ɪmpɪn̪ɪʋɑːn̪,printer,அச்சிடுபவர் 
ꢪꢸꢣ꣄ꢬꢠꣁ ꢒꢾꢬ꣄ꢥꢵꢬ꣄,मुद्रणा॑ क॑र्नार,முத்3ரணொ கெர்னார்,mudrano' ke'rnaar,mudraNO kErnAr,mudraṇŏ kĕrnār,mud̪ɾəɳo keɾn̪ɑːɾ,printer,அச்சிடுபவர் 
ꢦꢡ꣄ꢬꢮꢵꢲꢒꣁ,पत्रवाहका॑,பத்ரவாஹகொ,patravaahako',patravAhakO,patravāhakŏ,pət̪ɾəʋɑːɦəko,post man,அஞ்சல்காரர்  
ꢦꢡ꣄ꢬꢮꢵꢲꣁ,पत्रवाहा॑,பத்ரவாஹொ,patravaaho',patravAhO,patravāhŏ,pət̪ɾəʋɑːɦo,post man,அஞ்சல்காரர்  
ꢭꢾꢓꢸꢮꢵꢥ꣄,लेखुवान,லேகு2வான்,le'khuvaan,lEkhuvAn,lĕkhuvān,lekʰuʋɑːn̪,post man,அஞ்சல்காரர்  
ꢮꢵꢭ꣄ꢮꢸ,वाल्वु,வால்வு,vaalvu,vAlvu,vālvu,ʋɑːlʋu,valve,அடைப்பிதழ்/வால்வு
ꢚꢔꢶ ꢲꢸꢔꢸꢞꢵꢮ꣄,झगि हुगुडाव,ஜ2கி3ஹுகு3டா3வ்,jhagi hugud'aav,jhagi huguDAv,jhagi huguḍāv,d͡ʒʰəgɪ ɦuguɖɑːʋ,valve,அடைப்பிதழ்/வால்வு
ꢮꢬꢶꢞꣁ,वरिडा॑,வரிடொ3,varid'o',variDO,variḍŏ,ʋəɾɪɖo,barber (male),அம்பட்டன்  
ꢮꢫꢞꢾ,वयड॑,வய்டெ3,vayad'e',vayaDE,vayaḍĕ,ʋəjəɖe,barber (male),அம்பட்டன்  
ꢥꢶꢥꢵꢮ꣄ ꢒꢾꢬ꣄ꢥꢵꢮ꣄,निनाव क॑र्नाव,நி:னாவ் கெர்னாவ்,ninaav ke'rnaav,ninAv kErnAv,nināv kĕrnāv,n̪ɪn̪ɑːʋ keɾn̪ɑːʋ,file,அரம்  
ꢒꢡ꣄ꢒꣁ,कत्का॑,கத்கொ,katko',katkO,katkŏ,kət̪ko,sickle,அரிவாள்  
ꢒꢒ꣄ꢒꣁ,कक्का॑,கக்கொ,kakko',kakkO,kakkŏ,kəkko,sickle,அரிவாள்  
ꢧꢱꢭ꣄ ꢒꢜꢱ꣄ꢡꢾ,फसल कटस्ते,ப2ஸல் கடஸ்தே,phasal kat'aste',phasal kaTastE,phasal kaṭastĕ,pʰəs̪əl kəʈəs̪t̪e,harvest,அறுவடை  
ꢲꣁꢞꢫ꣄ꢡ꣄,हा॑डय्त,ஹொட3ய்த்,ho'd'ayt,hODayt,hŏḍayt,ɦoɖəjt̪,carpenter,ஆசாரி  / தச்சன்  
ꢃꢠꢶ,आणि,ஆணி,aani,ANi,āṇi,ɑːɳɪ,nail,ஆணி  
ꢄꢜ꣄ꢒꢶ,इट्कि,இட்கி,it'ki,iTki,iṭki,ɪʈkɪ,tongs,இடுக்கி  
ꢔꢮ꣄ꢬꢶ,गव्रि,க3வ்ரி,gavri,gavri,gavri,gəʋɾɪ,shepherd (f),இடைச்சி  
ꢔꣁꢭ꣄ꢭꢬꢶꢥ꣄,गोल्लरिन,கொ3ல்லரின்,go'llarin,gOllarin,gŏllarin,golləɾɪn̪,shepherd (f),இடைச்சி  
ꢔꣁꢮ꣄ꢭꢶ,का॑व्लि,கொ3வ்லி,go'vli,gOvli,gŏvli,goʋlɪ,shepherd (f),இடைச்சி  
ꢔꢮ꣄ꢬꢸ,गव्रु,க3வ்ரு,gavru,gavru,gavru,gəʋɾu,shepherd (m),இடையன்  
ꢔꣁꢮ꣄ꢭꣁ,गा॑व्ला॑,கொ3வ்லொ,go'vlo',gOvlO,gŏvlŏ,goʋlo,shepherd (m),இடையன்  
ꢱꢪ꣄ꢫꣂꢙꢒꣁ,स्म्योजका॑,ஸம்யோஜகொ,samyojako',samyojakO,samyojakŏ,s̪əmjoːd͡ʒəko,co-ordinator,இணைப்பாளர்  
ꢃꢱꢥꣁ,आसना॑,ஆஸனொ,aasano',AsanO,āsanŏ,ɑːs̪ən̪o,seat,இருக்கை  
ꢦꢷꢝꢪ꣄,फीटम,பீட2ம்,peet'ham,pITham,pīṭham,piːʈʰəm,seat,இருக்கை  
ꢥꢶꢮꢵꢬꢠꣁ,निवारणा॑,நிவாரணொ,nivaarano',nivAraNO,nivāraṇŏ,n̪ɪʋɑːɾəɳo,compensation,இழப்பீடு  
ꢡꢵꢡ꣄,तात,தாத்,taat,tAt,tāt,t̪ɑːt̪,fibre,இழை  
ꢡꢵꢒ꣄,ताक,தாக்,taak,tAk,tāk,t̪ɑːk,fibre,இழை  
ꢆꢬ꣄ꢮꢬꣁ,उर्वरा॑,உர்வரொ,urvaro',urvarO,urvarŏ,uɾʋəɾo,fertilizer,உரம்  
ꢆꢬꣁ,उरा॑,உரொ,uro',urO,urŏ,uɾo,fertilizer,உரம்  
ꢤꢸꢭ꣄ꢞꣁ,धुल्डा॑,து4ள்டொ3,dhuld'o',dhulDO,dhulḍŏ,d̪ʰulɖo,cylinder,உருளை  
ꢡꢹꢬ꣄,तूर,தூர்,toor,tUr,tūr,t̪uːɾ,cylinder,உருளை  
ꢒꢱꢮ꣄ꢜꢶ,कसव्टि,கஸவ்டி,kasavt'i,kasavTi,kasavṭi,kəs̪əʋʈɪ,touch stone,உரைகல்  
ꢔꣁꢱꢸꢥꢵꢮꢸ ꢣꢾꢫ꣄ꢞꣁ,ग॑सुनावु द॑य्डा॑,கெ3ஸுனாவு தெ3ய்டொ3,go'sunaavu de'yd'o',gOsunAvu dEyDO,gŏsunāvu dĕyḍŏ,gos̪un̪ɑːʋu d̪ejɖo,touch stone,உரைகல்  
ꢗꢸꢭ꣄ꢭꣁ,चुल्ला॑,சுல்லொ,chullo',cullO,cullŏ,t͡ʃullo,fire place,உலை  
ꢙꢸꢥꢡ꣄ꢥꢵꢬ꣄,जुनत्नार,ஜுனத்னார்,junatnaar,junatnAr,junatnār,d͡ʒun̪ət̪n̪ɑːɾ,farmer,உழவன்  
ꢙꢸꢥꢡ꣄ꢮꢵꢥ꣄,जुनत्वान,ஜுனத்வான்,junatvaan,junatvAn,junatvān,d͡ʒun̪ət̪ʋɑːn̪,farmer,உழவன்  
ꢥꢖ꣄ꢔꢸꢥꢵꢬ꣄,नङ्गुनार,நங்கு3னார்,nangunaar,naGgunAr,naṅgunār,n̪əŋgun̪ɑːɾ,farmer,உழவன்  
ꢒꢬ꣄ꢰ꣄ꢠꢵꢬ꣄,कर्ष्णार,கர்ஷ்ணார்,karshnaar,karSNAr,karṣṇār,kəɾʂɳɑːɾ,farmer,உழவன்  
ꢒ꣄ꢬꢸꢰꢶ,क्रुषि,க்ருஷி,krushi,kruSi,kruṣi,kɾuʂɪ,farmer,உழவன்  
ꢜꢖ꣄ꢒꢸ,टङ्कु,டங்கு,t'anku,TaGku,ṭaṅku,ʈəŋku,chisel,உளி  
ꢱꢶꢮꢶ,सिवि,ஸிவி,sivi,sivi,sivi,s̪ɪʋɪ,needle,ஊசி  
ꢧꢸꢥꢳꢶ,फुनळि,பு2னளி,phunal'i,phunaLi,phunal̤i,pʰun̪əɭɪ,blow pipe,ஊதுகுழல்  
ꢱꢿꢮꣁ ,सेवो,ஸேவோ,sevo',sevO,sevŏ,s̪eːʋo,,
ꢢꢿꢡꢸ ꢱꢡ꣄ꢡꢸ,खेतु सत्तु,கே2து ஸத்து,thetu sattu,thetu sattu,thetu sattu,t̪ʰeːt̪u s̪ət̪t̪u,manure,எரு  
ꢱꢿꢥ꣄,म्स्तु,மஸ்து,sen,sen,sen,s̪eːn̪,manure,எரு  
ꢱꢿꢥ꣄,सेन्,ஸேன்,sen,sen,sen,s̪eːn̪,manure,எரு  
ꢒꢜꢶ ꢣꢾꢮ꣄ꢱꢶꢥꢶ,कटि द॑व्सिनि,கடி தெ3வ்ஸினி,kat'i de'vsini,kaTi dEvsini,kaṭi dĕvsini,kəʈɪ d̪eʋs̪ɪn̪ɪ,grafting,ஒட்டுமுறை  
ꢪꢶꢳꢞ꣄ꢠꢶ,मिळड्णि,மிளட்3ணி,mil'ad'ni,miLaDNi,mil̤aḍṇi,mɪɭəɖɳɪ,grafting,ஒட்டுமுறை  
ꢱꢶꢖ꣄ꢔꢬ꣄ꢭꢶꢥꢶ,सङ्गर्लिनि,ஸிங்க3ர்லினி,singarlini,siGgarlini,siṅgarlini,s̪ɪŋgəɾlɪn̪ɪ,make up,ஒப்பனை  
ꢤꣁꢥꢶ ꢦꢛ꣄ꢙꢷꢒꢬꢠꣁ,धा॑नि पञ्जीकरणा॑,தொ4னி பஞ்ஜீகரணொ,dho'ni panjeekarano',dhOni paJjIkaraNO,dhŏni pañjīkaraṇŏ,d̪ʰon̪ɪ pəɲd͡ʒiːkəɾəɳo,sound recording,ஒலிப்பதிவு  
ꢤꣁꢥꢶ ꢤꢾꢬ꣄ꢥꢶ,धा॑नि ध॑र्नि,தொ4னி தெ4ர்னி,dho'ni dhe'rni,dhOni dhErni,dhŏni dhĕrni,d̪ʰon̪ɪ d̪ʰeɾn̪ɪ,sound recording,ஒலிப்பதிவு  
ꢬꢹꢦꢸ ꢦꢛ꣄ꢙꢷꢒꢬꢠꣁ,रूप पञ्जीकरणा॑,ரூபு பஞ்ஜீகரணொ,roopu panjeekarano',rUpu paJjIkaraNO,rūpu pañjīkaraṇŏ,ɾuːpu pəɲd͡ʒiːkəɾəɳo,photography,ஒளிப்பதிவு  
ꢬꢹꢦꢸ ꢤꢾꢬ꣄ꢥꢶ,रूपु धेर्नि,ரூபு தெ4ர்னி,roopu dhe'rni,rUpu dhErni,rūpu dhĕrni,ɾuːpu d̪ʰeɾn̪ɪ,photography,ஒளிப்பதிவு  
ꢣꣁꢮ꣄ꢞꢸꢥꢵꢬ꣄,दा॑व्डुनार,தொ3வ்டு3னார்,do'vd'unaar,dOvDunAr,dŏvḍunār,d̪oʋɖun̪ɑːɾ,driver,ஓட்டுநர்  
ꢱꢵꢬꢤꢶ,सारथि,ஸாரதி2,saaradhi,sAradhi,sāradhi,s̪ɑːɾəd̪ʰɪ,driver,ஓட்டுநர்  
ꢣꣂꢠꢶ,दोणि,தோ3ணி,doni,doNi,doṇi,d̪oːɳɪ,boat,ஓடம்  
ꢥꢮ꣄ꢒꣁ,नव्का॑,நவ்கொ,navko',navkO,navkŏ,n̪əʋko,boat,ஓடம்  
ꢒꢾꢜ꣄ꢜꣁ,क॑ट्टा॑,கெட்டொ,ke't't'o',kETTO,kĕṭṭŏ,keʈʈo,bale,கட்டு  
ꢒꢾꢜ꣄ꢜꢾ ꢦꢛ꣄ꢗꢭ꣄,क॑ट्ट॑ पञ्चल्,கெட்டெ பஞ்சல்,ke't't'e' panchal,kETTE paJcal,kĕṭṭĕ pañcal,keʈʈe pəɲt͡ʃəl,catamaran,கட்டுமரம்  
ꢒꢾꢜ꣄ꢜꢾ ꢬꢹꢦ꣄ ꢒꢾꢬ꣄ꢥꢶ,क॑ट्ट॑ रूप क॑र्नि,கெட்டெ ரூப் கெர்னி,ke't't'e' roop ke'rni,kETTE rUp kErni,kĕṭṭĕ rūp kĕrni,keʈʈe ɾuːp keɾn̪ɪ,shaping of wood,கடைசல்  
ꢔꢪ꣄ꢙꢶ,गम्जि,க3ம்ஜி,gamji,gamji,gamji,gəmd͡ʒɪ,supervise,கண்காணி
ꢔꢪ꣄ꢗꢸꢥꢵꢬ꣄ ,गम्चुनार्,க3ம்சுனார்,gamchunaar,gamcunAr,gamcunār,gəmt͡ʃun̪ɑːɾ,supervisor,கண்காணிப்பாளர்  
ꢱꢹꢞ꣄ ꢲꢥꢱ꣄ꢡꢾ,सूड हनते,ஸூட்3 ஹனஸ்தே,sood' hanaste',sUD hanastE,sūḍ hanastĕ,s̪uːɖ ɦən̪əs̪t̪e,thrashing grains,கதிரடித்தல்  
ꢤꢾꢥ꣄ꢣ꣄ꢫꢵꢮ꣄,घ॑न्द्याव,கெ4ந்த்3யாவ்,dhe'ndyaav,dhEndyAv,dhĕndyāv,d̪ʰen̪d̪jɑːʋ,sulpher,கந்தகம்  
ꢥꢵꢮꢶ,नावि,நாவி,naavi,nAvi,nāvi,n̪ɑːʋɪ,ship,கப்பல்  
ꢡꢵꢬ꣄,तार्,தார்,taar,tAr,tār,t̪ɑːɾ,ship,கப்பல்  
ꢬꢴꢾꢞꣁ,र्ह॑डा॑,ரெ:டொ3,rhe'd'o',rhEDO,rhĕḍŏ,ɾɦeɖo,pulley,கப்பி  
ꢆꢦꢒꢬꢠꣁ,उपगरणा॑,உபகரணொ,upakarano',upakaraNO,upakaraṇŏ,upəkəɾəɳo,tools,கருவி  
ꢥꢔꢸꢥꣁ,नगुना॑,நகு3னொ,naguno',nagunO,nagunŏ,n̪əgun̪o,plough,கலப்பை  
ꢲꢭꣁ,हला॑,ஹலொ,halo',halO,halŏ,ɦəlo,plough,கலப்பை  
ꢦꢵꢡ꣄ꢬꣁ,पात्रा॑,பாத்ரொ,paatro',pAtrO,pātrŏ,pɑːt̪ɾo,container,கலம்  
ꢱꢹꢞꢸ ꢢꢵꢪ꣄,सूडु थाम,ஸூடு3தா2ம்,sood'u thaam,sUDu thAm,sūḍu thām,s̪uːɖu t̪ʰɑːm,thrashing floor,கதிரடிக்கும் களம்  
ꢕꢥꢪꢶꢡꢶ,गनमिति,க4னமிதி,ghanamiti,ghanamiti,ghanamiti,gʰən̪əmɪt̪ɪ,volume,கன அளவு   
ꢒꢫ꣄ꢭꢒꢾꢱꢸꢬꢸ ꢒꢾꢬꢶ,कय्लक॑सुरु क॑रि,கய்லகெஸுரு கெரி,kaylake'suru ke'ri,kaylakEsuru kEri,kaylakĕsuru kĕri,kəjləkes̪uɾu keɾɪ,vegetable vendor (f),காய்கறிக்காரி  
ꢱꢾꢦꢶꢥꢶ,च्पिनि,செபினி,se'pini,sEpini,sĕpini,s̪epɪn̪ɪ,chappal,காலணி  
ꢦꢮ꣄ꢒꢭ꣄,पव्कल,பவ்கள்,pavkal,pavkal,pavkal,pəʋkəl,chappal,காலணி  
ꢦꢮ꣄ꢱꢸꢭ꣄,पव्सुल,பவ்ஸுல்,pavsul,pavsul,pavsul,pəʋs̪ul,chappal,காலணி  
ꢣꢵꢬ꣄ꢮꢵꢥ꣄,दार्वान,தா3ர்வான்,daarvaan,dArvAn,dārvān,d̪ɑːɾʋɑːn̪,watchman,காவல்காரன்  
ꢬꢴꢒ꣄ꢒꣀꢡ꣄,र्हक्कित,ர:க்கைத்,rhakkait,rhakkait,rhakkait,ɾɦəkkəɪt̪,watchman,காவல்காரன்  
ꢗꢮ꣄ꢒꢷꢣꢵꢬ꣄,चव्कीदार,சவ்கீதா3ர்,chavkeedaar,cavkIdAr,cavkīdār,t͡ʃəʋkiːd̪ɑːɾ,watchman,காவல்காரன்  
ꢦꣂꢭꢷꢱ꣄,पा॑लीस,போலீஸ்,polees,polIs,polīs,poːliːs̪,policeman,காவலாளி  
ꢒꢮꢭ꣄ꢒꢾꢬꣁ,कवल्क॑रा॑,கவல்கெரொ,kavalke'ro',kavalkErO,kavalkĕrŏ,kəʋəlkeɾo,policeman,காவலாளி  
ꢢꢠꣀꢡ꣄,थणैत,த2ணைத்,thanait,thaNait,thaṇait,t̪ʰəɳəɪt̪,policeman,காவலாளி  
ꢮꢶꢞ꣄ꢔ꣄ꢫꢵ ꢆꢰ꣄ꢳꣁ,विद्ग्या उष्ळा॑,விட்3க்3யா உஷ்ளொ,vid'gyaa ushl'o',viDgyA uSLO,viḍgyā uṣl̤ŏ,ʋɪɖgjɑː uʂɭo,kiln,காளவாய் /சூளை
ꢗꢸꢥ꣄ꢥꢵ ꢆꢰ꣄ꢳꣁ,चुन्ना उष्ळा॑,சுன்னா உஷ்ளொ,chunnaa ushl'o',cunnA uSLO,cunnā uṣl̤ŏ,t͡ʃun̪n̪ɑː uʂɭo,kiln,காளவாய் /சூளை
ꢙꢹꢠꢡ꣄ꢮꢵꢥ꣄,जूणत्वान,ஜுணத்வான்,joonatvaan,jUNatvAn,jūṇatvān,d͡ʒuːɳət̪ʋɑːn̪,farmer,குடியானவன்  
ꢓꢸꢪ꣄ꢨꢵꢬ꣄,खुम्बार्,கு2ம்பா3ர்,khumbaar,khumbAr,khumbār,kʰumbɑːɾ,potter,குயவன்  
ꢒꣁꢬꢜ꣄,का॑रट,கொரட்,ko'rat',kOraT,kŏraṭ,koɾəʈ,plier,குறடு  
ꢦꢸꢜ꣄ꢒꢶ,पुट्कि,புட்கி,put'ki,puTki,puṭki,puʈkɪ,basket,கூடை  
ꢦꢜꢶ,पटि,படி,pat'i,paTi,paṭi,pəʈɪ,basket,கூடை  
ꢒꢹꢭꢶ,कूलि,கூலி,kooli,kUli,kūli,kuːlɪ,"coolie, wage",கூலி  
ꢒꢹꢭꢶꢒꢾꢬꢶ,कूलिक॑रि,கூலிகெரி  ,koolike'ri,kUlikEri,kūlikĕri,kuːlɪkeɾɪ,coolie (m/f),கூலிக்காரர்
ꢲꢵꢡꢸꢒꢵꢪ꣄,हातुकाम्,ஹாதுகாம்,haatukaam,hAtukAm,hātukām,ɦɑːt̪ukɑːm,handicraft,கைத்தொழில்  
ꢱꢲꢵꢫꢒꣁ,शाहायका॑,ஸஹாயகொ,sahaayako',sahAyakO,sahāyakŏ,s̪əɦɑːjəko,helper (mason),கையாள்  
ꢱꢶꢔꢸꢞꣁ,सिकुडा॑,ஸிகுடொ3,sigud'o',siguDO,siguḍŏ,s̪ɪguɖo,helper (mason),கையாள்  
ꢲꢵꢡꢸ ꢏꢬꣁ,हातु आ॑रा॑,ஹாது ஒரொ,haatu o'ro',hAtu OrO,hātu ŏrŏ,ɦɑːt̪u oɾo,gloves,கையுறை 
ꢲꢵꢡꢸ ꢒꢵꢪ꣄,हातु काम्,ஹாது காம்,haatu kaam,hAtu kAm,hātu kām,ɦɑːt̪u kɑːm,handicraft,கைவினை  
ꢒꣁꢭ꣄ꢒꢶ,का॑ल्कि,கொல்கி,ko'lki,kOlki,kŏlki,kolkɪ,hook,கொக்கி  
ꢱꢪ꣄ꢜꢵꢮ꣄,सम्टाव,ஸம்டாவ்,samt'aav,samTAv,samṭāv,s̪əmʈɑːʋ,hook,கொக்கி  
ꢬꢮꢸꢭꢸ ꢩꢷꢡ꣄,रवुलु भीत,ரவுளு பீ4த்,ravulu bheet,ravulu bhIt,ravulu bhīt,ɾəʋulu bʰiːt̪,rampart,கொத்தளம்  
ꢭꢮ꣄ꢬꢶ,लव्रि,லவ்ரி,lavri,lavri,lavri,ləʋɾɪ,mason,கொத்தனார்
ꢓꢿꢞ꣄,खेड्,கே2ட்3,khed',kheD,kheḍ,kʰeːɖ,boiler,கொதிகலன்  
ꢦꢬꢱꢸ,पर्सु,பரஸு,parasu,parasu,parasu,pəɾəs̪u,axe,கோடரி  
ꢗꢾꢒ꣄ꢒꢬ꣄,च॑क्कुर्,செக்குர்,che'kkar,cEkkar,cĕkkar,t͡ʃekkəɾ,wheel,சக்கரம்  
ꢱꢾꢖ꣄ꢒꢳ꣄,स॑ङ्कळ,ஸெங்கள்,se'nkal',sEGkaL,sĕṅkal̤,s̪eŋkəɭ,chain,சங்கிலி  
ꢱꢪꢹꢲ ꢱꢿꢮꣁ,समूह सेवा॑,ஸமூஹஸேவொ,samooha sevo',samUha sevO,samūha sevŏ,s̪əmuːɦə s̪eːʋo,social work,சமூகப்பணி  
ꢲꢥ꣄ꢣꢮ꣄ ꢒꢾꢬꣁ,हन्दव क॑रा॑,ஹந்த3வ்கெரொ,handav ke'ro',handav kErO,handav kĕrŏ,ɦən̪d̪əʋ keɾo,cook (m),சமையல்காரன்  
ꢲꢥ꣄ꢣꢮ꣄ ꢒꢾꢬꢶꢥ꣄,हन्दव क॑रिन,ஹந்த3வ்கெரின்,handav ke'rin,handav kErin,handav kĕrin,ɦən̪d̪əʋ keɾɪn̪,cook (f),சமையல்காரி  
ꢗꢵꢜꣁ,चाटा॑,சாடொ,chaat'o',cATO,cāṭŏ,t͡ʃɑːʈo,whip,சாட்டை  
ꢱꢵꢠ꣄,साण,ஸாண்,saan,sAN,sāṇ,s̪ɑːɳ,shar pening stone,சாணைக்கல்  
ꢱꢵꢪꢠꣁ,सामणा॑,ஸாமணொ,saamano',sAmaNO,sāmaṇŏ,s̪ɑːməɳo,"tongs, pincer",சாமணம்  
ꢬꢾꢖ꣄ꢔꢸ,र॑ङ्गु,ரெங்கு3,re'ngu,rEGgu,rĕṅgu,ɾeŋgu,dye,சாயம்  
ꢮꢶꢞꢶ,विडि,விடி3,vid'i,viDi,viḍi,ʋɪɖɪ,window,சாளரம்  
ꢱꢶꢭ꣄ꢦꢸ,सिल्पु,ஸில்பு,silpu,silpu,silpu,s̪ɪlpu,sculpture,சிற்பம்  
ꢝꢖ꣄ꢒ꣄ꢥꢵꢬ꣄,ठङ्क्नार,ட2ங்க்னார்,t'hanknaar,ThaGknAr,ṭhaṅknār,ʈʰəŋkn̪ɑːɾ,sculptor,சிற்பி  
ꢱꢶꢭ꣄ꢦꢶ,सिल्पि,ஸில்பி,silpi,silpi,silpi,s̪ɪlpɪ,sculptor,சிற்பி  
ꢱꢶꢭ꣄ꢦꢒꢵꢬ꣄,सिल्पकार,ஸில்பகார்,silpakaar,silpakAr,silpakār,s̪ɪlpəkɑːɾ,sculptor,சிற்பி  
ꢧꢶꢬ꣄ꢮꢜ꣄,फिर्वट्,பி2ர்வட்,phirvat',phirvaT,phirvaṭ,pʰɪɾʋəʈ,rudder,சுக்கான்  
ꢗꢸꢥ꣄ꢥꣁ,चुन्ना॑,சுன்னொ,chunno',cunnO,cunnŏ,t͡ʃun̪n̪o,lime,சுண்ணாம்பு  
ꢱꢸꢡ꣄ꢡꢶꢫꢭ꣄,सुत्तियल्,ஸுத்தியல்,suttiyal,suttiyal,suttiyal,s̪ut̪t̪ɪjəl,hammer,சுத்தியில்  
ꢪꢹꢬ꣄,मूर,மூர்,moor,mUr,mūr,muːɾ,hammer,சுத்தியில்  
ꢩꢵꢬ꣄ꢡꢸꢒ꣄ꢒꢸꢥꢵꢬ꣄,भार्तुक्कुनार,பா4ர்துக்குனார்,bhaartukkunaar,bhArtukkunAr,bhārtukkunār,bʰɑːɾt̪ukkun̪ɑːɾ,porter,சுமையாள்  
ꢆꢰ꣄ꢭꣁ,उष्ला॑,உஷ்லொ,ushlo',uSlO,uṣlŏ,uʂlo,kiln,சூளை
ꢦꢾꢠ꣄ꢕꢠꣁ,प॑ण्घणा॑,பெண்க4ணொ,pe'nghano',pENghaNO,pĕṇghaṇŏ,peɳgʰəɳo,oil press,செக்கு  
ꢗꢾꢠ꣄ꢜꢾ ꢮꢵꢡ꣄ꢫꢪ꣄,च॑ण्ट॑ (वात्यम्),செண்டெ (வாத்யம்),che'nt'e' vaatyam,cENTE vAtyam,cĕṇṭĕ vātyam,t͡ʃeɳʈe ʋɑːt̪jəm,drum,செண்டை  
ꢪꢴꢳꢫ꣄ꢡꢸ,म्हळय्तु,ம:ளய்து,mhal'aytu,mhaLaytu,mhal̤aytu,mɦəɭəjt̪u,fisherman,செம்படவன்
ꢪꢴꢳ꣄ꢶꢮꢵꢥ꣄,म्हळिवान,ம:ளிவான்,mhal'_ivaan,mhaL_ivAn,mhal̤_ivān,mɦəɭ_ɪʋɑːn̪,fisherman,செம்படவன்
ꢪꢴꢳꢶꢶꢒꢾꢬꢶ,म्हळिकेरि,ம:ளிகெரி,mhal'iike'ri,mhaLiikEri,mhal̤iikĕri,mɦəɭɪɪkeɾɪ,fisherman,செம்படவன்
ꢱꢾꢒ꣄ꢒꢸꢭꢸꢮꢵꢥ꣄,स॑क्कुलुवान,ஸெக்குலுவான்,se'kkuluvaan,sEkkuluvAn,sĕkkuluvān,s̪ekkuluʋɑːn̪,cobbler,சக்கிலியன்
ꢒꢵꢬ꣄ꢫꢣꢬ꣄ꢱꢶ,कार्यदर्सि,கார்யத3ர்ஸி,kaaryadarsi,kAryadarsi,kāryadarsi,kɑːɾjəd̪əɾs̪ɪ,secretary,செயலர்  
ꢒꢵꢬ꣄ꢫꢡꢬ꣄ꢱꢶ,कार्यदर्सि,கார்யதர்ஸி,kaaryatarsi,kAryatarsi,kāryatarsi,kɑːɾjət̪əɾs̪ɪ,secretary,செயலாளர்  
ꢙꣂꢱ꣄ꢫꢪ꣄,जोस्यम्,ஜோஸ்யம்,josyam,josyam,josyam,d͡ʒoːs̪jəm,astrology,சோதிடம்  
ꢱꣂꢱꢶ,जोसि,ஜோஸி,sosi,sosi,sosi,s̪oːs̪ɪ,astrologer,சோதிடன்  
ꢡꢾꢔꢞ꣄,त॑गड,தெக3ட்3,te'gad',tEgaD,tĕgaḍ,t̪egəɖ,sheet/,தகடு  
ꢲꣁꢣꢫ꣄ꢡꢸ,हा॑डय्तु,ஹொட3ய்து,ho'daytu,hOdaytu,hŏdaytu,ɦod̪əjt̪u,,
ꢱꣁꢥꢵꢬꢸ,सा॑नार,ஸொனார்,so'naaru,sOnAru,sŏnāru,s̪on̪ɑːɾu,goldsmith,தட்டான்  
ꢒꢱꢵꢬ꣄,कसार,கஸார்,kasaar,kasAr,kasār,kəs̪ɑːɾ,goldsmith,தட்டான்  
ꢭꢿꢔꢸꢮꢵꢥ꣄,लेगुवान्,லேகு3வான்,leguvaan,leguvAn,leguvān,leːguʋɑːn̪,Postman,தபால்காரன்
ꢡꢦꢵꢭ꣄ꢒꢾꢬꣁ,तपाल्क॑रा॑,தபால்கெரொ,tapaalke'ro',tapAlkErO,tapālkĕrŏ,t̪əpɑːlkeɾo,Postman,தபால்காரன்
ꢡꢾꢬ꣄ꢒꢳꢶ,त॑र्कळि,தெர்களி,te'rkal'i,tErkaLi,tĕrkal̤i,t̪eɾkəɭɪ,broker,தரகன்  
ꢡꢾꢬꢒ꣄,त॑रक्,தெரக்,te'rak,tErak,tĕrak,t̪eɾək,brokerage,தரகு  
ꢤꣁꢠ꣄ꢞꣁ,धा॑ण्डा॑,தொ4ண்டொ3,dho'nd'o',dhONDO,dhŏṇḍŏ,d̪ʰoɳɖo,drum,தவில்  
ꢣꣁꢨ꣄ꢨꢥ꣄ ꢔꢸꢰ꣄ꢜꢶ,दा॑ब्बन गुष्टि,தொ3ப்3ப3ன் கு3ஷ்டி,do'bban gusht'i,dObban guSTi,dŏbban guṣṭi,d̪obbən̪ guʂʈɪ,trolley,தள்ளுவண்டி  
ꢪꢔꣁ,मगा॑,மகொ3,mago',magO,magŏ,məgo,loom,தறி  
ꢒꢸꢱ꣄ꢒꢥ꣄ꢓꢜ꣄ꢜꢶ,कुस्कन्खट्टि,குஸ்கன்க2ட்டி,kuskankhat't'i,kuskankhaTTi,kuskankhaṭṭi,kus̪kən̪kʰəʈʈɪ,spur,தார்க்குச்சி  
ꢣꢶꢒ꣄ꢒꢸ ꢣꢾꢒ꣄ꢒꢞꢵꢮ꣄,दिक्कु द॑क्कडाव,தி3க்கு தெ3க்கடா3வ்,dikku de'kkad'aav,dikku dEkkaDAv,dikku dĕkkaḍāv,d̪ɪkku d̪ekkəɖɑːʋ,compass,திசைக்காட்டும் கருவி    
ꢣꢶꢒ꣄ꢒꢸ ꢣꢬ꣄ꢱꢶꢥꢶ,दिक्कु दर्सिनि,தி3க்கு த3ர்ஸினி,dikku darsini,dikku darsini,dikku darsini,d̪ɪkku d̪əɾs̪ɪn̪ɪ,compass,திசைக்காட்டும் கருவி    
ꢣꢶꢒ꣄ꢒꢸ ꢱꢹꢗꢥꢶ,दिक्कु सूचनि,தி3க்கு ஸூசனி,dikku soochani,dikku sUcani,dikku sūcani,d̪ɪkku s̪uːt͡ʃən̪ɪ,compass,திசைக்காட்டும் கருவி    
ꢩꢶꢒꢸꢖ꣄ꢗꢸꢥꢵꢮ꣄,भिकुञ्च्नाव,பி4குஞ்சுனாவ்,bhikungchunaav,bhikuGcunAv,bhikuṅcunāv,bʰɪkuŋt͡ʃun̪ɑːʋ,screw driver,திருப்புளி  
ꢥꢮ꣄ꢒꢵ ꢣꢠ꣄ꢞꢸ,नव्का द्ण्डु,நவ்கா த3ண்டு3,navkaa dand'u,navkA daNDu,navkā daṇḍu,n̪əʋkɑː d̪əɳɖu,oar,துடுப்பு  
ꢥꢮ꣄ꢣꢠ꣄ꢞꢸ,नव्दण्डु,நவ்த3ண்டு3,navdand'u,navdaNDu,navdaṇḍu,n̪əʋd̪əɳɖu,oar,துடுப்பு  
ꢦꣁꢱ꣄ꢥꢵꢮ꣄,पा॑स्नाव,பொஸ்னாவ்,po'snaav,pOsnAv,pŏsnāv,pos̪n̪ɑːʋ,duster,துடைப்பான்  
ꢧꢸꢮ꣄ꢥꣁ,फुव्ना॑,பு2வ்னொ,phuvno',phuvnO,phuvnŏ,pʰuʋn̪o,blower,துருத்தி  
ꢧꢸꢮ꣄ꢥꢵꢮ꣄,फुव्नाव,பு2வ்னாவ்,phuvnaav,phuvnAv,phuvnāv,pʰuʋn̪ɑːʋ,blower,துருத்தி  
ꢦꢸꢜ꣄ꢜꢵ ꢲꢷꢬ꣄,पुट्टा हीर,புட்டா ஹீர்,put't'aa heer,puTTA hIr,puṭṭā hīr,puʈʈɑː ɦiːɾ,borewell,துளைக்கிணறு  
ꢦꢸꢜ꣄ꢜꣁ ꢡꢔꢱ꣄ꢡꢾ,पुट्टा॑ तगस्ते,புட்டொ தக3ஸ்தே,put't'o' tagaste',puTTO tagastE,puṭṭŏ tagastĕ,puʈʈo t̪əgəs̪t̪e,drilling,துளையிடுதல்  
ꢡꢸꢒ꣄ꢒꢥ꣄ ꢌꢥ꣄ꢡꢸꢬ,तुक्कन् एन्तुर,துக்கன்எந்துர்,tukkan e'ntura,tukkan Entura,tukkan ĕntura,t̪ukkən̪ en̪t̪uɾə,crane,தூக்கி  
ꢣꢹꢒ꣄ꢒꢸꢣꣂꢬ꣄,दूक्कुदोर,தூக்குதோ3ர்,dookkudor,dUkkudor,dūkkudor,d̪uːkkud̪oːɾ,execution rope,தூக்குக்கயிறு  
ꢡꢹꢒ꣄ꢒꢸ ꢪꢶꢜ꣄ꢜꣁ,तूक्कु मिट्टा॑,தூக்கு  மிட்டொ,tookku mit't'o',tUkku miTTO,tūkku miṭṭŏ,t̪uːkku mɪʈʈo,gallows,தூக்குமேடை  
ꢪꢴꢳꢶ ꢤꢾꢬ꣄ꢥꢵꢮ꣄,म्हळि ध॑र्नाव,ம:ளி தெ4ர்னாவ்,mhal'i dhe'rnaav,mhaLi dhErnAv,mhal̤i dhĕrnāv,mɦəɭɪ d̪ʰeɾn̪ɑːʋ,fishing rod,தூண்டில்  
ꢦꢸꢬꢸꢱ꣄,पुरुस्,புருஸ்,purus,purus,purus,puɾus̪,,
ꢒꢸꢗ꣄ꢗꢥ꣄,कुच्चन्,குச்சன்,kuchchan,kuccan,kuccan,kut͡ʃt͡ʃən̪,,
ꢪꣀꢪꢲꢶ ꢲꣁꢮ꣄ꢞꢶꢠꢶ,मैमहि हा॑व्डिणि,மைமஹி ஹொவ்டி3ணி,maimahi ho'vd'ini,maimahi hOvDiNi,maimahi hŏvḍiṇi,məɪməɦɪ ɦoʋɖɪɳɪ,bee keeping,தேனி வளர்ப்பு   
ꢱꢷꢮ꣄,सीव,ஸீவ்,seev,sIv,sīv,s̪iːʋ,stitch,தையல்போடு
ꢱꢶꢪ꣄ꢦꢶ,सिम्प,ஸிம்பி,simpi,simpi,simpi,s̪ɪmpɪ,tailor (m),தையல்காரன்   
ꢱꢸꢪ꣄ꢦꢶꢥꢶ,सिम्पिनि,ஸிம்பினி,sumpini,sumpini,sumpini,s̪umpɪn̪ɪ,tailor (f),தையல்காரி   
ꢱꢶꢮ꣄ꢥꢶ ꢫꢥ꣄ꢡꢸꢬ꣄,सिव्नि यन्तुर,ஸிவ்னியந்துர்,sivni yantur,sivni yantur,sivni yantur,s̪ɪʋn̪ɪ jən̪t̪uɾ,sewing machine,தையல்பொறி   
ꢆꢣ꣄ꢫꣂꢔ꣄,उद्योग,உத்3யோக்3,udyog,udyog,udyog,ud̪joːg,Profession/ labour,தொழில்  
ꢆꢣ꣄ꢫꣂꢔꢶ,उद्योगि,உத்3யோகி3,udyogi,udyogi,udyogi,ud̪joːgɪ,Profession/ labour,தொழில்  
ꢭꢵꢥꢸꢮꢵꢥ꣄,लानुवान्,லானுவான்,laanuvaan,lAnuvAn,lānuvān,lɑːn̪uʋɑːn̪,gardener,தோட்டக்காரன்  
ꢭꢵꢥ꣄,लान,லான்,laan,lAn,lān,lɑːn̪,garden,தோட்டம்  
ꢏꢞ꣄ꢞꢾ,आ॑ड्ड॑,ஒட்3டெ3,o'd'd'e',ODDE,ŏḍḍĕ,oɖɖe,scavenger,தோட்டி  
ꢱꢸꢣ꣄ꢤꢶ ꢒꢾꢬ꣄ꢥꢵꢬ꣄,सुद्धि क॑र्नार,ஸுத்3தி4 கெர்னார்,suddhi ke'rnaar,suddhi kErnAr,suddhi kĕrnār,s̪ud̪d̪ʰɪ keɾn̪ɑːɾ,scavenger,தோட்டி  
ꢣꣂꢠꢶ,दोणि,தோ3ணி,doni,doNi,doṇi,d̪oːɳɪ,ferry,தோணி  
ꢒꢾꢰꢥ꣄,क॑षण्,கெஷண்,ke'shan,kESan,kĕṣan,keʂən̪,leather,தோல்  
ꢱꣁꢥ꣄ꢥꢵꢮꢠꢶꢒ꣄,सा॑न्नावणिक,ஸொன்னாவணிக்,so'nnaavanik,sOnnAvaNik,sŏnnāvaṇik,s̪on̪n̪ɑːʋəɳɪk,jeweler,நகைவியாபாரி  
ꢱ꣄ꢢ꣄ꢬꢶꢒꢾꢬꢥ꣄ ꢆꢦꢒꢬꢠꣁ,स्थरिकेरन उपकरणा॑,ஸ்த்2ரிகெரன் உபகரணொ,sthrike'ran upakarano',sthrikEran upakaraNO,sthrikĕran upakaraṇŏ,s̪t̪ʰɾɪkeɾən̪ upəkəɾəɳo,anchor,நங்கூரம்  
ꢗꢭ꣄ꢡꢒꢬꢥ꣄ꢮꢵꢥ꣄,चल्तकरन्वान्,சல்தகரன்வான்,chaltakaranvaan,caltakaranvAn,caltakaranvān,t͡ʃəlt̪əkəɾən̪ʋɑːn̪,conductor,நடத்துநர்  
ꢕꢭ꣄ꢥꢶ,घल्नि,க4ல்னி,ghalni,ghalni,ghalni,gʰəln̪ɪ,planting crops,நடவு  
ꢥꢵꢗ꣄ꢮꢵꢥ꣄,नाच्वान्,நாச்வான்,naachvaan,nAcvAn,nācvān,n̪ɑːt͡ʃʋɑːn̪,dancer (m),நடனக்காரன்  
ꢥꢜꢥꢵꢳꢶ,नटनाळि,நடனாளி,nat'anaal'i,naTanALi,naṭanāl̤i,n̪əʈən̪ɑːɭɪ,dancer (f),நடனக்காரி  
ꢥꢗ꣄ꢮꣁ,नच्वा॑,நச்வொ,nachvo',nacvO,nacvŏ,n̪ət͡ʃʋo,actor,நடிகன்  
ꢥꢜꢶ,नटि,நடி,nat'i,naTi,naṭi,n̪əʈɪ,actor,நடிகன்  
ꢥꢗ꣄ꢮꢶ,न्च्वि,நச்வி,nachvi,nacvi,nacvi,n̪ət͡ʃʋɪ,actress,நடிகை  
ꢥꢜꢶꢒꣁ,नटिका॑,நடிகொ,nat'iko',naTikO,naṭikŏ,n̪əʈɪko,actress,நடிகை  
ꢩꢵꢮꢥꣁ,भावना॑,பா4வனொ,bhaavano',bhAvanO,bhāvanŏ,bʰɑːʋən̪o,action,நடிப்பு  
ꢩꢵꢮꢥꣁ,भावना॑,,bhaavano',bhAvanO,bhāvanŏ,bʰɑːʋən̪o,action,நடிப்பு  
ꢥꢬ꣄ꢡ꣄ꢡꢒꣁ,नर्त्तका॑,நர்தகொ,narttako',narttakO,narttakŏ,n̪əɾt̪t̪əko,dancer (m),நர்த்தகன் / நாட்டியகாரன்
ꢥꢬ꣄ꢡ꣄ꢡꢒꢶ,नर्त्तकि,நர்தகி,narttaki,narttaki,narttaki,n̪əɾt̪t̪əkɪ,dancer (f),நர்த்தகி/ நாட்டியகாரி
ꢥꢮꢗꢵꢬ꣄,नवचार,நவசார்,navachaar,navacAr,navacār,n̪əʋət͡ʃɑːɾ,ammonia,நவச்சாரம்  
ꢥꢜ꣄ꢒꢪ꣄ꢒꢾꢬꢶ,न्ट्कम्केरि,நட்கம்கெரி,nat'kamke'ri,naTkamkEri,naṭkamkĕri,n̪əʈkəmkeɾɪ,drama actor,நாடகக்காரன்  
ꢥꢜ꣄ꢒꢪ꣄ ꢂꢳꢶ,नट्कमु अळि,நட்கமுஅளி,nat'kam al'i,naTkam aLi,naṭkam al̤i,n̪əʈkəm əɭɪ,drama actress,நாடகக்காரி  
ꢥꢮ꣄ꢒꣁ,नका॑,நவ்கொ,navko',navkO,navkŏ,n̪əʋko,Barge/yacht,நாவாய்  
ꢱꢱ꣄ꢫꢬꣁꢲꢥ ꢬꢾꢪ꣄,सस्यरोहन रेम,ஸஸ்யரோஹன ரேம் ,sasyaro'hana re'm,sasyarOhana rEm,sasyarŏhana rĕm,s̪əs̪jəɾoɦən̪ə ɾem,plantnursery,நாற்றங்கால்  
ꢥꢶꢬ꣄ꢮꢵꢲꢶ,निर्वाहि,நிர்வாஹி,nirvaahi,nirvAhi,nirvāhi,n̪ɪɾʋɑːɦɪ,administrator,நிர்வாகி  
ꢓꣁꢳ꣄꣄ꢗꢾ,खा॑ळ्च॑,கொ2ள்செ,kho'l'che',khOLcE,khŏl̤cĕ,kʰoɭt͡ʃe,coal,நிலக்கரி  
ꢦꢵꢱꢥꣁ,पासना॑,பாஸனொ,paasano',pAsanO,pāsanŏ,pɑːs̪ən̪o,irrigation,நீர்ப்பாசனம்  
ꢦꢥꢶ ꢱꢶꢛ꣄ꢗꢥꣁ,पनि सिञ्चना॑,பனி ஸிஞ்சனொ,pani sinchano',pani siJcanO,pani siñcanŏ,pən̪ɪ s̪ɪɲt͡ʃən̪o,irrigation,நீர்ப்பாசனம்  
ꢆꢱ꣄ꢦꢸꢮꢵꢮ꣄,उस्पुवाव,உஸ்புவாவ்,uspuvaav,uspuvAv,uspuvāv,us̪puʋɑːʋ,pump,நீரேற்றி  
ꢫꣁꢒ꣄ ꢩꢥ꣄ꢣꢥꣁ,योक भन्दना॑,யோக் ப4ந்த3னொ,yo'k bhandano',yOk bhandanO,yŏk bhandanŏ,jok bʰən̪d̪ən̪o,yoke,நுகத்தடி
ꢥꢔꣁ,नगा॑,நகொ3,nago',nagO,nagŏ,n̪əgo,yoke,நுகத்தடி
ꢡꢵꢒ꣄,ताक्,தாக்,taak,tAk,tāk,t̪ɑːk,thread,நூல்  
ꢣꣁꢬꢶ,दा॑रि,தொ3ரி,do'ri,dOri,dŏri,d̪oɾɪ,thread,நூல்  
ꢒꢣꢸꢥꢵꢬ꣄,क्दुनार,கது3னார்,kadunaar,kadunAr,kadunār,kəd̪un̪ɑːɾ,spinner,நூற்பவர்
ꢒꢣꢱ꣄ꢡꢾ,कदस्ते,கத3ஸ்தே,kadaste',kadastE,kadastĕ,kəd̪əs̪t̪e,spinning,நூற்பு  
ꢮꢶꢥ꣄ꢒꢬ꣄,विन्कर,வின்கர்,vinkar,vinkar,vinkar,ʋɪn̪kəɾ,weaver,நெசவாளி  
ꢮꢶꢥꢱ꣄ꢡꢾ,विनते,வினஸ்தே,vinaste',vinastE,vinastĕ,ʋɪn̪əs̪t̪e,weaving,நெசவு  
ꢆꢒ꣄ꢒꢶꢱꣁꢠ꣄ꢠꢶ,तुक्किसा॑ण्णि,துக்கிஸொண்ணி,ukkiso'nni,ukkisONNi,ukkisŏṇṇi,ukkɪs̪oɳɳɪ,lever,நெம்புகோல்  
ꢆꢡ꣄ꢡꣂꢭꢒꣁ,उत्तोलका॑,உத்தோலகொ,uttolako',uttolakO,uttolakŏ,ut̪t̪oːləko,lever,நெம்புகோல்  
ꢦꣁꢜ꣄ꢜꢾꢜ꣄,पा॑ट्ट॑ट,பொட்டெட்,po't't'e't',pOTTET,pŏṭṭĕṭ,poʈʈeʈ,workshop,பட்டறை / பணிமனை  
ꢒꢵꢪꢸ ꢱ꣄ꢢꢭ꣄,कामु स्थल,காமு ஸ்த2ல்,kaamu sthal,kAmu sthal,kāmu sthal,kɑːmu s̪t̪ʰəl,workshop,பட்டறை / பணிமனை  
ꢒꢵꢪꢸ ꢢꢵꢪ꣄,कामु थाम,காமு தா2ம்,kaamu thaam,kAmu thAm,kāmu thām,kɑːmu t̪ʰɑːm,workshop,பட்டறை / பணிமனை  
ꢦꢛBꢗꢭ꣄,पञ्चल्,பஞ்சல்,panyaBchal,paJaBcal,pañaBcal,pəɲəBt͡ʃəl,boat,படகு  
ꢙꢷꢮꢵꢯ꣄ꢪꣁ,जीवाश्मा॑,ஜீவாஶ்மொ,jeevaashmo',jIvAzmO,jīvāśmŏ,d͡ʒiːʋɑːʃmo,fossil,படிமம்  
ꢱꢶꢭꢵꢤꢵꢡꢸ,सिलाधात,ஸிலா தா4து,silaadhaatu,silAdhAtu,silādhātu,s̪ɪlɑːd̪ʰɑːt̪u,fossil,படிமம்  
ꢦꢡ꣄ꢬꢸ,पत्रु,பத்ரு,patru,patru,patru,pət̪ɾu,form,படிவம்  
ꢱꢵꢭꣁ,साला॑,ஸாலொ,saalo',sAlO,sālŏ,s̪ɑːlo,farm,பண்ணை  
ꢒꢵꢪ꣄,काम्,காம்,kaam,kAm,kām,kɑːm,work,பணி  
ꢒꢵꢪ꣄ꢢꢵꢪ꣄,काम्थाम्,காம்தா2ம்,kaamthaam,kAmthAm,kāmthām,kɑːmt̪ʰɑːm,,
ꢱꢪ꣄ꢦꢵꢡꢒꣁ,स्म्पातका॑,ஸம்பாதகொ,sampaatako',sampAtakO,sampātakŏ,s̪əmpɑːt̪əko,editor,பதிப்பாசிரியர்  
ꢥꣃꢒꣁ,नौका॑,நௌகொ,nauko',naukO,naukŏ,n̪əuko,coracle (round boat),பரிசல்  
ꢥꢸꢡꢸ ,रुतु,ருது,nutu,nutu,nutu,n̪ut̪u,season,பருவம்  
ꢣꢵꢡ꣄ ꢗꢾꢒ꣄ꢒꢸꢬ꣄,दातु च॑क्कुर्,தா3து செக்குர்,daat che'kkur,dAt cEkkur,dāt cĕkkur,d̪ɑːt̪ t͡ʃekkuɾ,gear,பல்சக்கரம்  
ꢮꢶꢞꢶ,विडि,விடி3,vid'i,viDi,viḍi,ʋɪɖɪ,window,பலகணி  
ꢦꣁꢭ꣄ꢒꣁ,पोल्का॑,பொல்கொ,po'lko',pOlkO,pŏlkŏ,polko,wooden plank,பலகை  
ꢦꢭ꣄ꢒꣁ,पल्का॑,பல்கொ,palko',palkO,palkŏ,pəlko,wooden plank,பலகை  
ꢩꢵꢬ꣄ ꢡꢸꢒ꣄ꢒꢸꢥꢵꢮ꣄,भार्तुक्कुनाव,பா4ர்துக்குனாவ்,bhaar tukkunaav,bhAr tukkunAv,bhār tukkunāv,bʰɑːɾ t̪ukkun̪ɑːʋ,crane,பளுதூக்கி  
ꢂꢲꢶꢡꢸꢠ꣄ꢞꢶꢒꣁ,अहितुण्डिका॑,அஹிதுண்டி3கொ,ahitund'iko',ahituNDikO,ahituṇḍikŏ,əɦɪt̪uɳɖɪko,snake charmer,பாம்பாட்டி  
ꢱꢵꢦꢸꢮꢱꢒꣁ,सापुवसका॑,ஸாபுவஸகொ,saapuvasako',sApuvasakO,sāpuvasakŏ,s̪ɑːpuʋəs̪əko,snake charmer,பாம்பாட்டி  
ꢥꢮ꣄ ꢪꢵꢬ꣄ꢔ ꢗꢵꢭꢥ,नव मार्ग चालन,நவ் மார்க3 சாலன,nav maarga chaalana,nav mArga cAlana,nav mārga cālana,n̪əʋ mɑːɾgə t͡ʃɑːlən̪ə,mast,பாய்மரம்
ꢥꢮ꣄ ꢥꢶꢫꢥ꣄ꢡ꣄ꢬꢠ ꢦꢜꣁ,नव्नियन्त्रण पटा॑,நவ்நியந்த்ரண படொ,nav niyantrana pat'o',nav niyantraNa paTO,nav niyantraṇa paṭŏ,n̪əʋ n̪ɪjən̪t̪ɾəɳə pəʈo,mast,பாய்மரம்
ꢣꢵꢬ꣄,दार,தா3ர்,daar,dAr,dār,d̪ɑːɾ,ship,கப்பல்
ꢥꣃꢒꣁ,नौका॑,நெளகொ,nauko',naukO,naukŏ,n̪əuko,boat,படகு
ꢦꢖ꣄ꢗꢭ꣄,पञ्चल्,பஞ்சல்,pangchal,paGcal,paṅcal,pəŋt͡ʃəl,coracle,பரிசல்
ꢮꢡ꣄ꢡꢾ,वत्त॑,வத்தெ,vatte',vattE,vattĕ,ʋət̪t̪e,coracle,பரிசல்
ꢔꣁꢠꢪ꣄,गा॑णम्,கொ3ணம்,go'nam,gONam,gŏṇam,goɳəm,petticoat,பாவாடை
ꢦꢭꣁ,पला॑,பலொ,palo',palO,palŏ,pəlo,halfsaree,தாவணி
ꢌꢪꢸ ꢮꢱ꣄ꢡꢬ꣄,हेमु वस्तर,ஹேமு வஸ்தர்,e'mu vastar,Emu vastar,ĕmu vastar,emu ʋəs̪t̪əɾ,bra,கச்சு
ꢌꢪꢸ ꢨꢥ꣄ꢤꢶꢒꣁ,हेमु बन्धिका॑,ஹேமு ப3ந்தி4கொ,e'mu bandhiko',Emu bandhikO,ĕmu bandhikŏ,emu bən̪d̪ʰɪko,bra,கச்சு
ꢭꢖBꢔꣂꢜ꣄,लङ्गोट्,லங்கோ3ட்,langaBgot',laGaBgoT,laṅaBgoṭ,ləŋəBgoːʈ,loin,கோமணம்
ꢒꢰ꣄ꢜꢶ ꢨꣁꢜ꣄ꢜꣁ,कष्टि बा॑ट्टा॑,கஷ்டி பொ3ட்டொ,kasht'i bo't't'o',kaSTi bOTTO,kaṣṭi bŏṭṭŏ,kəʂʈɪ boʈʈo,loin,கோமணம்
ꢲꢿꢪꢸꢮꢱ꣄ꢡꢬ꣄,हेमुवस्तर्,ஹேமுவஸ்தர்,hemuvastar,hemuvastar,hemuvastar,ɦeːmuʋəs̪t̪əɾ,banian,பனியன்
ꢓꢥꢵꢮ꣄,कनाव,க2னாவ்,khanaav,khanAv,khanāv,kʰən̪ɑːʋ,crowbar,பாரைக்கோல்  
ꢔꢾꢜ꣄ꢨꢵꢬꣁ,ग॑ट्बारा॑,கெ3ட்பா3ரொ,ge't'baaro',gETbArO,gĕṭbārŏ,geʈbɑːɾo,crowbar,பாரைக்கோல்  
ꢣꢹꢡ꣄ꢒꢾꢬꣁ,दूतक॑रा॑,தூ3த்கெரொ,dootke'ro',dUtkErO,dūtkĕrŏ,d̪uːt̪keɾo,milkman,பால்காரன்  
ꢣꢹꢡ꣄ꢒꢾꢬꢶꢥ꣄,दूत्क॑रिन्,தூ3த்கெரின்,dootke'rin,dUtkErin,dūtkĕrin,d̪uːt̪keɾɪn̪,milkmaid,பால்காரி  
ꢡꢥꢶ,तनि,தனி,tani,tani,tani,t̪ən̪ɪ,warp,பாவு  
ꢔꢸꢪ꣄ꢦꢶꢥꢶ,गुम्प्नि,கு3ம்பினி,gumpini,gumpini,gumpini,gumpɪn̪ɪ,knitting,பின்னல்  
ꢮꢾꢥꢶ,व॑नि,வெனி,ve'ni,vEni,vĕni,ʋen̪ɪ,knitting,பின்னல்  
ꢪꢶꢜ꣄ꢜꣁ,मिट्टा॑,மிட்டொ,mit't'o',miTTO,miṭṭŏ,mɪʈʈo,pedestal,பீடம்  
ꢧꢷꢝꢪ꣄,फीठम्,பீட2ம்,pheet'ham,phITham,phīṭham,pʰiːʈʰəm,pedestal,பீடம்  
ꢦꢶꢦꢵꢫ꣄,पिपाय,பிபாய்,pipaay,pipAy,pipāy,pɪpɑːj,barrel,பீப்பாய்  
ꢧꢹꢭ꣄ꢒꢾꢬꢶꢥ꣄,फुल्क॑रिन,பூ2ல்கெரின்,phoolke'rin,phUlkErin,phūlkĕrin,pʰuːlkeɾɪn̪,florist (f),பூக்காரி  
ꢲꢨ꣄ꢨꢸ ꢥꢵꢱꢶꢥꢶ,हब्बु नास्नि,ஹப்3பு3 நாஸினி,habbu naasini,habbu nAsini,habbu nāsini,ɦəbbu n̪ɑːs̪ɪn̪ɪ,pesticide,பூச்சிக்கொல்லி  
ꢒ꣄ꢬꢸꢪꢶ ꢥꢵꢱꢶꢥꢶ,क्रुमि नासिनि,க்ருமி நாஸினி,krumi naasini,krumi nAsini,krumi nāsini,kɾumɪ n̪ɑːs̪ɪn̪ɪ,pesticide,பூச்சிக்கொல்லி  
ꢦꢸꢜ꣄ꢜꢭꢸ ꢒꢸꢞꣁ,पुट्टलु कुडा॑,புட்டலு குடொ3,put't'alu kud'o',puTTalu kuDO,puṭṭalu kuḍŏ,puʈʈəlu kuɖo,water sprayer,பூவாளி  
ꢒꢱꢵꢬ꣄,कसार,கஸார்,kasaar,kasAr,kasār,kəs̪ɑːɾ,goldsmith,பொற்கோல்லன்  
ꢱꣁꢥꢵꢬ꣄,सा॑नार,ஸொனார்,so'naar,sOnAr,sŏnār,s̪on̪ɑːɾ,goldsmith,பொற்கோல்லன்  
ꢱꢪꢱꢥꢶ,समसनि,ஸமஸனி,samasani,samasani,samasani,s̪əməs̪ən̪ɪ,carpenter`s square,மட்டம்  
ꢥꢴꢶꢥꢵꢮ꣄ ꢒꢾꢬꢵꢮ꣄,न्हिनाव क॑राव,நி:னாவ் கெராவ்,nhinaav ke'raav,nhinAv kErAv,nhināv kĕrāv,n̪ɦɪn̪ɑːʋ keɾɑːʋ,Leveler/smoothener,இழைப்புளி
ꢪꢥ꣄ꢡꢶꢮꢵꢡꢶ,मन्तिरवाति,மந்திரவாதி,mantivaati,mantivAti,mantivāti,mən̪t̪ɪʋɑːt̪ɪ,magician,மந்திரவாதி  
ꢮꣁꢫ꣄ꢣꢶꢥ꣄,वा॑य्दिन्,வொய்தி3ன்,vo'ydin,vOydin,vŏydin,ʋojd̪ɪn̪,folk doctor (f),மருத்துவச்சி  
ꢮꣁꢫ꣄ꢣꢸ,वा॑य्दु,வொய்து3,vo'ydu,vOydu,vŏydu,ʋojd̪u,folk doctor (m),மருத்துவன்  
ꢲꣁꢔꢡ꣄,हा॑गत्,ஹொக3த்,ho'gat,hOgat,hŏgat,ɦogət̪,medicine,மருந்து  
ꢦꢬꢱꢸ,परसु,பரஸு,parasu,parasu,parasu,pəɾəs̪u,axe,கோடாலி/மழு
ꢨꢮ꣄ꢭꢪ꣄,बव्लम्,ப3வ்லம்,bavlam,bavlam,bavlam,bəʋləm,soapstone,மாக்கல்  
ꢂꢣ꣄ꢣꢶ ꢩꢵꢬ꣄,अद्दिभार्,அத்3தி3பா4ர்,addi bhaar,addi bhAr,addi bhār,əd̪d̪ɪ bʰɑːɾ,overweight,மிகைப்பளு  
ꢂꢣ꣄ꢣꢶ ꢨꢶꢱ꣄ꢱꣁ,अद्दिबिस्सा॑,அத்3தி3பி3ஸ்ஸொ,addi bisso',addi bissO,addi bissŏ,əd̪d̪ɪ bɪs̪s̪o,overspeed,மிகைவேகம்  
ꢦꢾꢭꢶ ꢨꢶꢱ꣄ꢱꣁ,भ॑ळिबिस्सा॑,பெ4ளிபி3ஸ்ஸொ,pe'li bisso',pEli bissO,pĕli bissŏ,pelɪ bɪs̪s̪o,overspeed,மிகைவேகம்  
ꢡꢾꢭ꣄ꢥꢶ,त॑ल्नि,தெல்னி,te'lni,tElni,tĕlni,t̪eln̪ɪ,float,மிதவை  
ꢮꢶꢣ꣄ꢫꢸꢡ꣄ ꢔꣀꢞꢶ,विद्युत गैडि,வித்3யுத்கை3டி3,vidyut gaid'i,vidyut gaiDi,vidyut gaiḍi,ʋɪd̪jut̪ gəɪɖɪ,battery,மின்கலம்  
ꢪꢴꢭꢶꢒꢾꢬꣁ,म्हळीक॑रा॑,ம:ளிகெரொ,mhalike'ro',mhalikErO,mhalikĕrŏ,mɦəlɪkeɾo,fish seller (m),மீன்காரன்  
ꢪꢴꢭꢶꢮꢵꢥ꣄,म्हलिवान,ம:ளிவான்,mhalivaan,mhalivAn,mhalivān,mɦəlɪʋɑːn̪,fish seller (m),மீன்காரன்  
ꢪꢴꢭꢶꢒꢾꢬꢶꢥ꣄,म्हळिक॑रिन,ம:ளிகெரின்,mhalike'rin,mhalikErin,mhalikĕrin,mɦəlɪkeɾɪn̪,fish seller (f),மீன்காரி  
ꢪꢴꢭꢶꢮꢡꢶ,म्हळिवति,ம:ளிவதி,mhalivati,mhalivati,mhalivati,mɦəlɪʋət̪ɪ,fish seller (f),மீன்காரி  
ꢗꢶꢔꢸꢬ꣄,चिकुर,சிகுர்,chigur,cigur,cigur,t͡ʃɪguɾ,sprout,முளை  
ꢂꢖ꣄ꢒꢸꢬ꣄,अङ्कुर,அங்குர்,ankur,aGkur,aṅkur,əŋkuɾ,sprout,முளை  
ꢂꢖ꣄ꢔꢸꢬꣁ,अङ्कुरा॑,அங்குரொ,anguro',aGgurO,aṅgurŏ,əŋguɾo,sprout,முளை  
ꢨꢶꢔꢶꢖ꣄ꢗꢸꢥꢵꢮ꣄,बिगिञ्चुनाव,பி3கி3ஞ்சுனாவ்,bigingchunaav,bigiGcunAv,bigiṅcunāv,bɪgɪŋt͡ʃun̪ɑːʋ,spanner,முறுக்கி  
ꢥꢶꢬ꣄ꢮꢵꢲꢶ,निर्वाहि,நிர்வாஹி,nirvaahi,nirvAhi,nirvāhi,n̪ɪɾʋɑːɦɪ,manager,மேலாளர்  
ꢒꢵꢪ꣄ ꢓꢜ꣄ꢥꢵꢬ꣄,काम खट्नार,காம் க2ட்னார்,kaam khat'naar,kAm khaTnAr,kām khaṭnār,kɑːm kʰəʈn̪ɑːɾ,manager,மேலாளர்  
ꢤꣁꢠ꣄ꢞꣁ ꢒꢾꢬꢶ,धा॑ण्डा॑क॑रि,தொ4ண்டொ3கெரி,dho'nd'o' ke'ri,dhONDO kEri,dhŏṇḍŏ kĕri,d̪ʰoɳɖo keɾɪ,drummer,மேளக்காரன்  
ꢡꢥꢵ ꢬꢾꢞꣁ,तना र॑डा॑,தனா ரெ:டொ3,tanaa re'd'o',tanA rEDO,tanā rĕḍŏ,t̪ən̪ɑː ɾeɖo,spinning wheel,ராட்டை  
ꢬꢾꢞꣁ,र॑डा॑ चर्का र॑डा॑,ரெ:டொ3,re'd'o',rEDO,rĕḍŏ,ɾeɖo,spinning wheel,ராட்டை  
ꢗꢬ꣄ꢒꢵ ꢬꢾꢞꣁ,र॑डा॑ चर्का र॑डा॑,சர்கா ரெ:டொ3,charkaa re'd'o',carkA rEDO,carkā rĕḍŏ,t͡ʃəɾkɑː ɾeɖo,spinning wheel,ராட்டை  
ꢦꣁꢬꢜꢶꢥ꣄,पा॑रटिन,பொரடின்,po'rat'in,pOraTin,pŏraṭin,poɾəʈɪn̪,Washer woman,வண்ணாத்தி  
ꢦꣁꢭ꣄ꢜꢶꢥ꣄,पा॑ल्टिन,பொள்டின்,po'lt'in,pOlTin,pŏlṭin,polʈɪn̪,Washer woman,வண்ணாத்தி  
ꢒꣁꢬꢜ꣄,का॑रट,கொரட்,ko'rat',kOraT,kŏraṭ,koɾəʈ,Cutting plier/wrench,குறடு
ꢧꢶꢬꢸꢞꢵꢮ꣄,फिरुडाव,பி2ருடா3வ்,phirud'aav,phiruDAv,phiruḍāv,pʰɪɾuɖɑːʋ,screw driver ,திருப்புளி
ꢪꢹꢬ꣄,मूर,மூர்,moor,mUr,mūr,muːɾ,hammer,சுத்தியல்
ꢪꢸꢬꣁ,मुरा॑,முரொ,muro',murO,murŏ,muɾo,hammer,சுத்தியல்
ꢱꢸꢡ꣄ꢡꢶꢫꢭ꣄,सुत्तियल,ஸுத்தியல்,suttiyal,suttiyal,suttiyal,s̪ut̪t̪ɪjəl,hammer,சுத்தியல்
ꢓꢿꢥꢸ,खेनु,கே2னு,khenu,khenu,khenu,kʰeːn̪u,,குறகு
ꢓꣂꢥꢸ,खोनु,கோ2னு,khonu,khonu,khonu,kʰoːn̪u,,குறகு
ꢦꣁꢬꢜ꣄,पा॑रट,பொரட்,po'rat',pOraT,pŏraṭ,poɾəʈ,washerman,வண்ணான்
ꢦꣁꢳ꣄꣄ꢜꣁ,पा॑ळ्टा॑,பொள்டொ,po'l't'o',pOLTO,pŏl̤ṭŏ,poɭʈo,washerman,வண்ணான்
ꢨꢶꢫꢵꢬ꣄,भियार,பி4யார்,biyaar,biyAr,biyār,bɪjɑːɾ,business,வணிகம்  
ꢨꢶꢫꢵꢬ꣄ꢗꢵꢬ꣄,भियार्सार,பி4யார்ஸார்,biyaarchaar,biyArcAr,biyārcār,bɪjɑːɾt͡ʃɑːɾ,business,வணிகம்  
ꢮꢠꢷ,वणि,வணி,vanee,vaNI,vaṇī,ʋəɳiː,businessman,வணிகன்  
ꢮꢠꢶꢒ꣄,वणिक,வணிக்,vanik,vaNik,vaṇik,ʋəɳɪk,businessman,வணிகன்  
ꢦꢾꢫ꣄ꢬ꣄,पेय्र्,பெய்ர்,pe'yr,pEyr,pĕyr,pejɾ,field,வயல்  
ꢒꢾꢡ꣄,केत्,கே2த்,ke't,kEt,kĕt,ket̪,field,வயல்  
ꢙꢵꢭ꣄,जाल्,ஜால்,jaal,jAl,jāl,d͡ʒɑːl,net,வலை  
ꢏꢭꣁ,आ॑ला॑,ஒலொ,o'lo',OlO,ŏlŏ,olo,net,வலை  
ꢮꢵꢜ꣄ꢣꢾꢓ꣄ꢒꢜ꣄ꢥꢵꢬ꣄,वाट द॑खट्नार,வாட்தெ2க2ட்னார்,vaat'de'khkat'naar,vATdEkhkaTnAr,vāṭdĕkhkaṭnār,ʋɑːʈd̪ekʰkəʈn̪ɑːɾ,guide,வழிகாட்டி  
ꢪꢵꢬ꣄ꢔꢣꢬ꣄ꢱꢒ꣄,मार्गदर्सक,மார்க3த3ர்ஸக்,maargadarsak,mArgadarsak,mārgadarsak,mɑːɾgəd̪əɾs̪ək,guide,வழிகாட்டி  
ꢥꣃꢒꣁ,नैका॑,நௌகொ,nauko',naukO,naukŏ,n̪əuko,boat,வள்ளம்  
ꢗꢾꢒ꣄ꢒꢸꢬ꣄,च॑क्कुर,செக்குர்,che'kkur,cEkkur,cĕkkur,t͡ʃekkuɾ,loop,வளையம்  
ꢘꢾꢡ꣄,छेत,சே2த்,chhe't,chEt,chĕt,t͡ʃʰet̪,sword,வாள்  
ꢨꢷ,बी,பீ3,bee,bI,bī,biː,seed,வித்து  
ꢨꢷꢒ꣄,बीक,பீ3க்,beek,bIk,bīk,biːk,seed,வித்து  
ꢨꢷꢙ꣄,बीज,பீ3ஜ்,beej,bIj,bīj,biːd͡ʒ,seed,வித்து  
ꢅꢪꢸ,ईमु,ஈமு,eemu,Imu,īmu,iːmu,seed,விதை  
ꢨꢷꢙ꣄,बीज्,பீ3ஜ்,beej,bIj,bīj,biːd͡ʒ,seed,விதை  
ꢨꢷꢡ꣄ꢡꢸ,वित्तु,வித்து,beettu,bIttu,bīttu,biːt̪t̪u,seed,விதை  
ꢨꢷꢒ꣄ꢕꢭ꣄ꢥꢶ,बीक्घल्नि,பீ3க்க4ல்னி,beekghalni,bIkghalni,bīkghalni,biːkgʰəln̪ɪ,sowing,விதைப்பு  
ꢩꢶꢫꢵꢬ꣄,भियार,பி4யார்,bhiyaar,bhiyAr,bhiyār,bʰɪjɑːɾ,business,வியாபாரம்  
ꢩꢶꢫꢵꢬ꣄ꢱꢵꢬ꣄,भियार्सार्,பி4யார்ஸார்,bhiyaarsaar,bhiyArsAr,bhiyārsār,bʰɪjɑːɾs̪ɑːɾ,business,வியாபாரம்  
ꢮꢠꢶ,वणि,வணி,vani,vaNi,vaṇi,ʋəɳɪ,businessman,வியாபாரி  
ꢮꢠꢶꢒ꣄,वणिक,வணிக்,vanik,vaNik,vaṇik,ʋəɳɪk,businessman,வியாபாரி  
ꢒ꣄ꢬꢸꢰꢶ,क्रुषि,க்ருஷி,krushi,kruSi,kruṣi,kɾuʂɪ,agriculture,விவசாயம்  
ꢙꢸꢥ꣄ꢥꢡ꣄ꢮꢵꢥ꣄,जुन्नत्वान,ஜுன்னத்வான்,junnatvaan,junnatvAn,junnatvān,d͡ʒun̪n̪ət̪ʋɑːn̪,farmer,விவசாயி  
ꢥꢖ꣄ꢔꢸꢥꢬ꣄,नङ्गुनर,நங்கு3னர்,nangunar,naGgunar,naṅgunar,n̪əŋgun̪əɾ,farmer,விவசாயி  
ꢦꢷꢒ꣄,पीक,பீக்,peek,pIk,pīk,piːk,yield,விளைச்சல்  
ꢦꢶꢒ꣄ꢒꢶꢥꢶ,पिक्किनि,பிக்கினி,pikkini,pikkini,pikkini,pɪkkɪn̪ɪ,yield,விளைச்சல்  
ꢦꢶꢒ꣄ꢒꢾꢫꣁ,पिक्क॑या॑,பிக்கெயொ,pikke'yo',pikkEyO,pikkĕyŏ,pɪkkejo,yield,விளைச்சல்  
ꢦ꣄ꢬꢒꢜ꣄ꢥꢵꢬ꣄,प्रकट्नार,ப்ரகட்னார்,prakat'naar,prakaTnAr,prakaṭnār,pɾəkəʈn̪ɑːɾ,publisher,வெளியிடுபவர்  
ꢦ꣄ꢬꢱꢸꢬꣁ ꢒꢾꢬ꣄ꢥꢵꢬ꣄,प्रसुरा॑ क॑र्नार,ப்ரஸுரொ கெர்னார்,prasuro' ke'rnaar,prasurO kErnAr,prasurŏ kĕrnār,pɾəs̪uɾo keɾn̪ɑːɾ,publisher,வெளியிடுபவர்  
ꢩꢬꢵꢜ꣄ ꢱꣁꢞ꣄ꢠꢵꢬ꣄,भराट सा॑ड्णार,ப4ராட் ஸொட்3ணார்,bharaat' so'd'naar,bharAT sODNAr,bharāṭ sŏḍṇār,bʰəɾɑːʈ s̪oɖɳɑːɾ,publisher,வெளியிடுபவர்  
ꢃꢓꢾꢜ꣄,आखेट,ஆகே2ட்,aakhe't',AkhET,ākhĕṭ,ɑːkʰeʈ,hunting,வேட்டை  
ꢪꢺꢔꢫꣁ,मृगया॑,ம்ருக3யொ,mri'gayo',mRgayO,mṛgayŏ,mɾɨgəjo,hunting,வேட்டை  
ꢮꢿꢜꣁ ꢓꢳ꣄ꢥꢶ,वेटा॑ खळ्नि,வேடொ க2ள்னி,vet'o' khal'ni,veTO khaLni,veṭŏ khal̤ni,ʋeːʈo kʰəɭn̪ɪ,hunting,வேட்டை  
ꢃꢓꢾꢜꢸꢮꢵꢥ꣄,आखेटुवान,ஆகே2டுவான்,aakhe't'uvaan,AkhETuvAn,ākhĕṭuvān,ɑːkʰeʈuʋɑːn̪,hunter,வேட்டைக்காரன் / வேடன்
ꢮꢿꢜꣁ ꢓꢳ꣄꣄ꢥꢵꢬ꣄,वेटा॑ खळ्नार,வேடொ க2ள்னார்,vet'o' khal'naar,veTO khaLnAr,veṭŏ khal̤nār,ʋeːʈo kʰəɭn̪ɑːɾ,hunter,வேட்டைக்காரன் / வேடன்
ꢒꢵꢪ꣄,काम्,காம்,kaam,kAm,kām,kɑːm,Work,வேலை
ꢒꢵꢪ꣄ ꢒꢾꢬ꣄ꢡ꣄ꢡꣁ,काम क॑र्ता॑,காம் கெர்த்தொ,kaam ke'rtto',kAm kErttO,kām kĕrttŏ,kɑːm keɾt̪t̪o,Servant (M),வேலைகாரன்
ꢒꢵꢪ꣄ ꢒꢾꢬ꣄ꢡ꣄ꢡꢶꢥ꣄,काम क॑र्तिन,காம் கெர்த்தின்,kaam ke'rttin,kAm kErttin,kām kĕrttin,kɑːm keɾt̪t̪ɪn̪,Servant (F),வேலைகாரி
ꢮꣁꢫ꣄ꢡꢸ,वा॑य्तु,வொய்து,vo'ytu,vOytu,vŏytu,ʋojt̪u,Folk doctor,வைத்தியர்
ꢙꣂꢱꢸꢜꢸ,जोसुटु,ஜோஸுடு3,josut'u,josuTu,josuṭu,d͡ʒoːs̪uʈu,astrologer,ஜோதிடம்
